Metric,F_pipe,p_pipe,pη2_pipe,F_llm,p_llm,pη2_llm,F_int,p_int,pη2_int
UND,471.1147583458695,8.970850078200891e-140,0.5173590193087237,51.28978360260463,8.547698559949558e-22,0.10450458692541625,54.23417856870266,6.948064357732639e-41,0.1979463881893575
TRU,288.6536543188157,4.2993650089416836e-97,0.3964186028687171,0.5751471075123737,0.5628336836725725,0.0013069293080798826,52.728220389679045,7.658922508632992e-40,0.19351352307817807
INS,260.98011246755703,1.0689790005445527e-89,0.3725731934747033,3.8836647938864464,0.02092928070639478,0.008759151728541524,38.091440891196115,2.02906337521348e-29,0.14773203546930974
SAT,243.48731014330954,7.17917592807552e-85,0.3565034174532748,0.9296933893560274,0.395062434912542,0.002110878088626382,78.37075064637165,7.060464343522122e-57,0.2628825751862351
CON,445.58075758336696,2.406818977548697e-134,0.5034351427998333,0.5118593652485045,0.5995586184006649,0.001163285385050534,22.268148914579477,1.5630795035659538e-17,0.09201024391951299
CVN,279.3294208696128,1.2398497868703743e-94,0.3885892991576368,0.5744777676135425,0.5632100444220726,0.001305410326287775,50.72810311678615,1.8923158306422162e-38,0.18754975923090872
COM,229.2057680271589,7.755584730525197e-81,0.34276026764861095,6.907430850615215,0.0010555298416003007,0.015473377845555402,88.40127768532254,3.715889288021438e-63,0.28687623283391356
USB,294.17727901746105,1.5522059141143395e-98,0.4009627767285128,13.379375059528407,1.8884262804269726e-06,0.0295429109744063,20.158074367656805,6.714185224526295e-16,0.08402415975697737
