StartDate,EndDate,Status,IPAddress,Progress,Duration (in seconds),Finished,RecordedDate,ResponseId,RecipientLastName,RecipientFirstName,RecipientEmail,ExternalReference,LocationLatitude,LocationLongitude,DistributionChannel,UserLanguage,Q_RecaptchaScore,Q_BallotBoxStuffing,Q125,Q92,1_Q135,1_Q141,1_Q145,1_Q149,1_Q153,1_Q157,1_Q161,1_Q165,1_Q136,1_Q142,1_Q146,1_Q150,1_Q155,1_Q158,1_Q162,1_Q166,1_Q138,1_Q143,1_Q147,1_Q151,1_Q154,1_Q159,1_Q163,1_Q167,1_Q140,1_Q144,1_Q148,1_Q152,1_Q156,1_Q160,1_Q164,1_Q168,1_Q206,2_Q135,2_Q141,2_Q145,2_Q149,2_Q153,2_Q157,2_Q161,2_Q165,2_Q136,2_Q142,2_Q146,2_Q150,2_Q155,2_Q158,2_Q162,2_Q166,2_Q138,2_Q143,2_Q147,2_Q151,2_Q154,2_Q159,2_Q163,2_Q167,2_Q140,2_Q144,2_Q148,2_Q152,2_Q156,2_Q160,2_Q164,2_Q168,2_Q206,3_Q135,3_Q141,3_Q145,3_Q149,3_Q153,3_Q157,3_Q161,3_Q165,3_Q136,3_Q142,3_Q146,3_Q150,3_Q155,3_Q158,3_Q162,3_Q166,3_Q138,3_Q143,3_Q147,3_Q151,3_Q154,3_Q159,3_Q163,3_Q167,3_Q140,3_Q144,3_Q148,3_Q152,3_Q156,3_Q160,3_Q164,3_Q168,3_Q206,Q224,Q225,Q94,Q126,Q127,Q129,Q130,Q131,1_NPA.1,1_Q114,1_Q116,1_Q117,1_Q118,1_Q119,1_Q120,1_Q121,1_Q175,1_Q178,1_Q181,1_Q184,1_Q187,1_Q190,1_Q194,1_Q197,1_Q176,1_Q180,1_Q182,1_Q185,1_Q188,1_Q191,1_Q195,1_Q199,1_Q177,1_Q179,1_Q183,1_Q186,1_Q189,1_Q192,1_Q196,1_Q201,1_Q208,2_NPA.1,2_Q114,2_Q116,2_Q117,2_Q118,2_Q119,2_Q120,2_Q121,2_Q175,2_Q178,2_Q181,2_Q184,2_Q187,2_Q190,2_Q194,2_Q197,2_Q176,2_Q180,2_Q182,2_Q185,2_Q188,2_Q191,2_Q195,2_Q199,2_Q177,2_Q179,2_Q183,2_Q186,2_Q189,2_Q192,2_Q196,2_Q201,2_Q208,3_NPA.1,3_Q114,3_Q116,3_Q117,3_Q118,3_Q119,3_Q120,3_Q121,3_Q175,3_Q178,3_Q181,3_Q184,3_Q187,3_Q190,3_Q194,3_Q197,3_Q176,3_Q180,3_Q182,3_Q185,3_Q188,3_Q191,3_Q195,3_Q199,3_Q177,3_Q179,3_Q183,3_Q186,3_Q189,3_Q192,3_Q196,3_Q201,3_Q208
Start Date,End Date,Response Type,IP Address,Progress,Duration (in seconds),Finished,Recorded Date,Response ID,Recipient Last Name,Recipient First Name,Recipient Email,External Data Reference,Location Latitude,Location Longitude,Distribution Channel,User Language,Q_RecaptchaScore,Q_BallotBoxStuffing,"Letter of Information and Consent
Western University;
Department of Statistical and Actuarial Sciences 
Department of Computer Science 

Study Title:
Evaluating Large Language Model Explanations in Credit Risk

Principal Investigator:
Dr. Cristián Bravo Roman, PhD
Professor, Canada Research Chair in Banking and Insurance Analytics
Department of Statistical and Actuarial Sciences
Western University
cbravoro@uwo.ca

Student Researchers:
Sahab Zandi, PhD Candidate
Department of Statistical and Actuarial Sciences
Western University
szandi@uwo.ca

Noah Kostesku, HBSc Candidate
Department of Computer Science
Western University
nkostes@uwo.ca

Introduction
This study examines how people evaluate AI-generated explanations for approval or denial of loan applications.

Background and Purpose of the Study
AI systems are increasingly being used in credit risk assessment for loan applications, where fairness, transparency, and trust are critical. While these systems generate explanations for their decisions, little is known about how users perceive different explanation types.

This study evaluates explanation styles based on understandability, clarity, trustworthiness, and satisfaction. By collecting user ratings across formats, it identifies which approaches best support user comprehension and confidence in AI-driven credit decisions.

What Will Happen During the Study
You will review AI-generated credit risk explanations and rate them on qualities such as understandability, trustworthiness, and insightfulness. The survey consists of one required round, with up to two additional optional rounds (3 rounds total). Each round includes 4 explanations. Explanation types are assigned at random. The duration is approximately 5–10 minutes per round.

This online study is hosted on Qualtrics. You can review the privacy policy here: https://www.qualtrics.com/privacy-statement/.

Inclusion Criteria
You must be 18 years of age or older to participate. There are no other inclusion or exclusion criteria.

Risks and Benefits
There are no known or anticipated risks associated with this study beyond those experienced in everyday life. While there are no direct benefits to you, your participation will help researchers better understand how individuals interpret AI-generated explanations in financial decision-making contexts.

Confidentiality
This study is anonymous. Responses cannot be linked to individuals, though you may optionally provide demographic information at the end. All responses will remain confidential and used solely for research. Results will be reported in aggregate and may appear in academic publications or a thesis.

Survey data will be securely stored on Qualtrics and may be accessed by authorized representatives of Western University’s ethics board for oversight. It will not be shared for open access or future research and will be destroyed after the study concludes. Within 1–2 days of survey closure, all data will be transferred to a secure Western University server, where it will be stored for a minimum of 5 years. Once the transfer is verified, data will be permanently deleted from Qualtrics. After the 5-year retention period, data will be securely destroyed.

To protect the quality and integrity of the data, the survey includes automated bot detection, reCAPTCHA, and attention checks. Responses that appear to be submitted by bots or that fail these checks may be excluded from analysis. No identifiable information is collected as part of this review process.


Voluntary Participation and Withdrawal
Your participation in this study is entirely voluntary. You may choose not to answer any question and may exit the survey after completing any round, before submitting your responses. Due to the anonymous nature of the data, once a round has been submitted, the responses from that round cannot be withdrawn. You do not waive any legal rights by participating in this study. You will not be re-contacted with updates or additional information during the course of the study.

Compensation
You will not be compensated for your participation in this study.

Contact Information
If you have questions about the study, please contact: Sahab Zandi at szandi@uwo.ca.

If you have any questions about your rights as a research participant or the conduct of this study, you may contact: 

The Office of Human Research Ethics 

Phone: (519) 661-3036 or 1-844-720-9816 
ethics@uwo.ca 

This office oversees the ethical conduct of research studies and is not part of the study team. Everything that you discuss will be kept confidential. 

Consent
By clicking ""Yes"", you confirm that:

You are 18 years of age or older.You have read and understood the information above.You consent to participate in this anonymous research study.
 Clicking ""No"" will exit the survey.",Do you have any education or experience in credit risk modelling or assessment?,Gemma 3 - Understandability: The explanation is easy to understand.,Gemma 3 - Trustworthiness: The explanation can be trusted because it presents sufficient and reliable evidence to support the loan decision.,Gemma 3 - Insightfulness: This explanation reveals insightful risk factors that influence loan decisions.,Gemma 3 - Satisfaction: The level of details satisfies my expectations for a risk assessment.,Gemma 3 - Confidence: This explanation increases my confidence in the decision for loan approval/denial.,Gemma 3 - Convincingness: The justification is convincing and argues for the decision using well-weighted risk evidence.,Gemma 3 - Communicability: I could use this explanation to communicate with customers and other teams in the company.,Gemma 3 - Usability: This explanation could be directly used in loan approval/denial documentation.,Gemma 3 - Understandability: The explanation is easy to understand.,Gemma 3 - Trustworthiness: The explanation can be trusted because it presents sufficient and reliable evidence to support the loan decision.,Gemma 3 - Insightfulness: This explanation reveals insightful risk factors that influence loan decisions.,Gemma 3 - Satisfaction: The level of details satisfies my expectations for a risk assessment.,Gemma 3 - Confidence: This explanation increases my confidence in the decision for loan approval/denial.,Gemma 3 - Convincingness: The justification is convincing and argues for the decision using well-weighted risk evidence.,Gemma 3 - Communicability: I could use this explanation to communicate with customers and other teams in the company.,Gemma 3 - Usability: This explanation could be directly used in loan approval/denial documentation.,Gemma 3 - Understandability: The explanation is easy to understand.,Gemma 3 - Trustworthiness: The explanation can be trusted because it presents sufficient and reliable evidence to support the loan decision.,Gemma 3 - Insightfulness: This explanation reveals insightful risk factors that influence loan decisions.,Gemma 3 - Satisfaction: The level of details satisfies my expectations for a risk assessment.,Gemma 3 - Confidence: This explanation increases my confidence in the decision for loan approval/denial.,Gemma 3 - Convincingness: The justification is convincing and argues for the decision using well-weighted risk evidence.,Gemma 3 - Communicability: I could use this explanation to communicate with customers and other teams in the company.,Gemma 3 - Usability: This explanation could be directly used in loan approval/denial documentation.,Gemma 3 - Understandability: The explanation is easy to understand.,Gemma 3 - Trustworthiness: The explanation can be trusted because it presents sufficient and reliable evidence to support the loan decision.,Gemma 3 - Insightfulness: This explanation reveals insightful risk factors that influence loan decisions.,Gemma 3 - Satisfaction: The level of details satisfies my expectations for a risk assessment.,Gemma 3 - Confidence: This explanation increases my confidence in the decision for loan approval/denial.,Gemma 3 - Convincingness: The justification is convincing and argues for the decision using well-weighted risk evidence.,Gemma 3 - Communicability: I could use this explanation to communicate with customers and other teams in the company.,Gemma 3 - Usability: This explanation could be directly used in loan approval/denial documentation.,Gemma 3 - Would you like to do another round?,DeepSeek R1 - Understandability: The explanation is easy to understand.,DeepSeek R1 - Trustworthiness: The explanation can be trusted because it presents sufficient and reliable evidence to support the loan decision.,DeepSeek R1 - Insightfulness: This explanation reveals insightful risk factors that influence loan decisions.,DeepSeek R1 - Satisfaction: The level of details satisfies my expectations for a risk assessment.,DeepSeek R1 - Confidence: This explanation increases my confidence in the decision for loan approval/denial.,DeepSeek R1 - Convincingness: The justification is convincing and argues for the decision using well-weighted risk evidence.,DeepSeek R1 - Communicability: I could use this explanation to communicate with customers and other teams in the company.,DeepSeek R1 - Usability: This explanation could be directly used in loan approval/denial documentation.,DeepSeek R1 - Understandability: The explanation is easy to understand.,DeepSeek R1 - Trustworthiness: The explanation can be trusted because it presents sufficient and reliable evidence to support the loan decision.,DeepSeek R1 - Insightfulness: This explanation reveals insightful risk factors that influence loan decisions.,DeepSeek R1 - Satisfaction: The level of details satisfies my expectations for a risk assessment.,DeepSeek R1 - Confidence: This explanation increases my confidence in the decision for loan approval/denial.,DeepSeek R1 - Convincingness: The justification is convincing and argues for the decision using well-weighted risk evidence.,DeepSeek R1 - Communicability: I could use this explanation to communicate with customers and other teams in the company.,DeepSeek R1 - Usability: This explanation could be directly used in loan approval/denial documentation.,DeepSeek R1 - Understandability: The explanation is easy to understand.,DeepSeek R1 - Trustworthiness: The explanation can be trusted because it presents sufficient and reliable evidence to support the loan decision.,DeepSeek R1 - Insightfulness: This explanation reveals insightful risk factors that influence loan decisions.,DeepSeek R1 - Satisfaction: The level of details satisfies my expectations for a risk assessment.,DeepSeek R1 - Confidence: This explanation increases my confidence in the decision for loan approval/denial.,DeepSeek R1 - Convincingness: The justification is convincing and argues for the decision using well-weighted risk evidence.,DeepSeek R1 - Communicability: I could use this explanation to communicate with customers and other teams in the company.,DeepSeek R1 - Usability: This explanation could be directly used in loan approval/denial documentation.,DeepSeek R1 - Understandability: The explanation is easy to understand.,DeepSeek R1 - Trustworthiness: The explanation can be trusted because it presents sufficient and reliable evidence to support the loan decision.,DeepSeek R1 - Insightfulness: This explanation reveals insightful risk factors that influence loan decisions.,DeepSeek R1 - Satisfaction: The level of details satisfies my expectations for a risk assessment.,DeepSeek R1 - Confidence: This explanation increases my confidence in the decision for loan approval/denial.,DeepSeek R1 - Convincingness: The justification is convincing and argues for the decision using well-weighted risk evidence.,DeepSeek R1 - Communicability: I could use this explanation to communicate with customers and other teams in the company.,DeepSeek R1 - Usability: This explanation could be directly used in loan approval/denial documentation.,DeepSeek R1 - Would you like to do another round?,Gemini 2.5 - Understandability: The explanation is easy to understand.,Gemini 2.5 - Trustworthiness: The explanation can be trusted because it presents sufficient and reliable evidence to support the loan decision.,Gemini 2.5 - Insightfulness: This explanation reveals insightful risk factors that influence loan decisions.,Gemini 2.5 - Satisfaction: The level of details satisfies my expectations for a risk assessment.,Gemini 2.5 - Confidence: This explanation increases my confidence in the decision for loan approval/denial.,Gemini 2.5 - Convincingness: The justification is convincing and argues for the decision using well-weighted risk evidence.,Gemini 2.5 - Communicability: I could use this explanation to communicate with customers and other teams in the company.,Gemini 2.5 - Usability: This explanation could be directly used in loan approval/denial documentation.,Gemini 2.5 - Understandability: The explanation is easy to understand.,Gemini 2.5 - Trustworthiness: The explanation can be trusted because it presents sufficient and reliable evidence to support the loan decision.,Gemini 2.5 - Insightfulness: This explanation reveals insightful risk factors that influence loan decisions.,Gemini 2.5 - Satisfaction: The level of details satisfies my expectations for a risk assessment.,Gemini 2.5 - Confidence: This explanation increases my confidence in the decision for loan approval/denial.,Gemini 2.5 - Convincingness: The justification is convincing and argues for the decision using well-weighted risk evidence.,Gemini 2.5 - Communicability: I could use this explanation to communicate with customers and other teams in the company.,Gemini 2.5 - Usability: This explanation could be directly used in loan approval/denial documentation.,Gemini 2.5 - Understandability: The explanation is easy to understand.,Gemini 2.5 - Trustworthiness: The explanation can be trusted because it presents sufficient and reliable evidence to support the loan decision.,Gemini 2.5 - Insightfulness: This explanation reveals insightful risk factors that influence loan decisions.,Gemini 2.5 - Satisfaction: The level of details satisfies my expectations for a risk assessment.,Gemini 2.5 - Confidence: This explanation increases my confidence in the decision for loan approval/denial.,Gemini 2.5 - Convincingness: The justification is convincing and argues for the decision using well-weighted risk evidence.,Gemini 2.5 - Communicability: I could use this explanation to communicate with customers and other teams in the company.,Gemini 2.5 - Usability: This explanation could be directly used in loan approval/denial documentation.,Gemini 2.5 - Understandability: The explanation is easy to understand.,Gemini 2.5 - Trustworthiness: The explanation can be trusted because it presents sufficient and reliable evidence to support the loan decision.,Gemini 2.5 - Insightfulness: This explanation reveals insightful risk factors that influence loan decisions.,Gemini 2.5 - Satisfaction: The level of details satisfies my expectations for a risk assessment.,Gemini 2.5 - Confidence: This explanation increases my confidence in the decision for loan approval/denial.,Gemini 2.5 - Convincingness: The justification is convincing and argues for the decision using well-weighted risk evidence.,Gemini 2.5 - Communicability: I could use this explanation to communicate with customers and other teams in the company.,Gemini 2.5 - Usability: This explanation could be directly used in loan approval/denial documentation.,Gemini 2.5 - Would you like to do another round?,What do you think about the use of these variables in credit scores?,"(Optional) If you have any other comments related to the evaluations, please write them below. You can leave this blank and click next otherwise.","Would you like to answer a few optional demographic questions?




Note: No personally identifying information will be collected.",What is your age group?,How would you describe your gender identity?,What is the highest level of education you have completed?,What region of the world do you primarily reside in?,What economic sector do you currently work in (or most recently worked in)?,Gemma 3 - Understandability: The explanation is easy to understand.,Gemma 3 - Trustworthiness: I trust this explanation given by the model.,Gemma 3 - Insightfulness: This explanation provides useful insight into why the decision was made.,Gemma 3 - Satisfaction: I am satisfied with how the explanation addressed my concerns about the decision.,Gemma 3 - Confidence: I am confident in the explanation provided for the model’s decision.,Gemma 3 - Convincingness: The explanation is convincing and makes the decision seem reasonable.,Gemma 3 - Communicability: The explanation is clear enough for me to communicate it to others.,Gemma 3 - Usability: I am likely to use this explanation in the future because it is usable and supports my decision-making.,Gemma 3 - Understandability: The explanation is easy to understand.,Gemma 3 - Trustworthiness: I trust this explanation given by the model.,Gemma 3 - Insightfulness: This explanation provides useful insight into why the decision was made.,Gemma 3 - Satisfaction: I am satisfied with how the explanation addressed my concerns about the decision.,Gemma 3 - Confidence: I am confident in the explanation provided for the model’s decision.,Gemma 3 - Convincingness: The explanation is convincing and makes the decision seem reasonable.,Gemma 3 - Communicability: The explanation is clear enough for me to communicate it to others.,Gemma 3 - Usability: I am likely to use this explanation in the future because it is usable and supports my decision-making.,Gemma 3 - Understandability: The explanation is easy to understand.,Gemma 3 - Trustworthiness: I trust this explanation given by the model.,Gemma 3 - Insightfulness: This explanation provides useful insight into why the decision was made.,Gemma 3 - Satisfaction: I am satisfied with how the explanation addressed my concerns about the decision.,Gemma 3 - Confidence: I am confident in the explanation provided for the model’s decision.,Gemma 3 - Convincingness: The explanation is convincing and makes the decision seem reasonable.,Gemma 3 - Communicability: The explanation is clear enough for me to communicate it to others.,Gemma 3 - Usability: I am likely to use this explanation in the future because it is usable and supports my decision-making.,Gemma 3 - Understandability: The explanation is easy to understand.,Gemma 3 - Trustworthiness: I trust this explanation given by the model.,Gemma 3 - Insightfulness: This explanation provides useful insight into why the decision was made.,Gemma 3 - Satisfaction: I am satisfied with how the explanation addressed my concerns about the decision.,Gemma 3 - Confidence: I am confident in the explanation provided for the model’s decision.,Gemma 3 - Convincingness: The explanation is convincing and makes the decision seem reasonable.,Gemma 3 - Communicability: The explanation is clear enough for me to communicate it to others.,Gemma 3 - Usability: I am likely to use this explanation in the future because it is usable and supports my decision-making.,Gemma 3 - Would you like to do another round?,DeepSeek R1 - Understandability: The explanation is easy to understand.,DeepSeek R1 - Trustworthiness: I trust this explanation given by the model.,DeepSeek R1 - Insightfulness: This explanation provides useful insight into why the decision was made.,DeepSeek R1 - Satisfaction: I am satisfied with how the explanation addressed my concerns about the decision.,DeepSeek R1 - Confidence: I am confident in the explanation provided for the model’s decision.,DeepSeek R1 - Convincingness: The explanation is convincing and makes the decision seem reasonable.,DeepSeek R1 - Communicability: The explanation is clear enough for me to communicate it to others.,DeepSeek R1 - Usability: I am likely to use this explanation in the future because it is usable and supports my decision-making.,DeepSeek R1 - Understandability: The explanation is easy to understand.,DeepSeek R1 - Trustworthiness: I trust this explanation given by the model.,DeepSeek R1 - Insightfulness: This explanation provides useful insight into why the decision was made.,DeepSeek R1 - Satisfaction: I am satisfied with how the explanation addressed my concerns about the decision.,DeepSeek R1 - Confidence: I am confident in the explanation provided for the model’s decision.,DeepSeek R1 - Convincingness: The explanation is convincing and makes the decision seem reasonable.,DeepSeek R1 - Communicability: The explanation is clear enough for me to communicate it to others.,DeepSeek R1 - Usability: I am likely to use this explanation in the future because it is usable and supports my decision-making.,DeepSeek R1 - Understandability: The explanation is easy to understand.,DeepSeek R1 - Trustworthiness: I trust this explanation given by the model.,DeepSeek R1 - Insightfulness: This explanation provides useful insight into why the decision was made.,DeepSeek R1 - Satisfaction: I am satisfied with how the explanation addressed my concerns about the decision.,DeepSeek R1 - Confidence: I am confident in the explanation provided for the model’s decision.,DeepSeek R1 - Convincingness: The explanation is convincing and makes the decision seem reasonable.,DeepSeek R1 - Communicability: The explanation is clear enough for me to communicate it to others.,DeepSeek R1 - Usability: I am likely to use this explanation in the future because it is usable and supports my decision-making.,DeepSeek R1 - Understandability: The explanation is easy to understand.,DeepSeek R1 - Trustworthiness: I trust this explanation given by the model.,DeepSeek R1 - Insightfulness: This explanation provides useful insight into why the decision was made.,DeepSeek R1 - Satisfaction: I am satisfied with how the explanation addressed my concerns about the decision.,DeepSeek R1 - Confidence: I am confident in the explanation provided for the model’s decision.,DeepSeek R1 - Convincingness: The explanation is convincing and makes the decision seem reasonable.,DeepSeek R1 - Communicability: The explanation is clear enough for me to communicate it to others.,DeepSeek R1 - Usability: I am likely to use this explanation in the future because it is usable and supports my decision-making.,DeepSeek R1 - Would you like to do another round?,Gemini 2.5 - Understandability: The explanation is easy to understand.,Gemini 2.5 - Trustworthiness: I trust this explanation given by the model.,Gemini 2.5 - Insightfulness: This explanation provides useful insight into why the decision was made.,Gemini 2.5 - Satisfaction: I am satisfied with how the explanation addressed my concerns about the decision.,Gemini 2.5 - Confidence: I am confident in the explanation provided for the model’s decision.,Gemini 2.5 - Convincingness: The explanation is convincing and makes the decision seem reasonable.,Gemini 2.5 - Communicability: The explanation is clear enough for me to communicate it to others.,Gemini 2.5 - Usability: I am likely to use this explanation in the future because it is usable and supports my decision-making.,Gemini 2.5 - Understandability: The explanation is easy to understand.,Gemini 2.5 - Trustworthiness: I trust this explanation given by the model.,Gemini 2.5 - Insightfulness: This explanation provides useful insight into why the decision was made.,Gemini 2.5 - Satisfaction: I am satisfied with how the explanation addressed my concerns about the decision.,Gemini 2.5 - Confidence: I am confident in the explanation provided for the model’s decision.,Gemini 2.5 - Convincingness: The explanation is convincing and makes the decision seem reasonable.,Gemini 2.5 - Communicability: The explanation is clear enough for me to communicate it to others.,Gemini 2.5 - Usability: I am likely to use this explanation in the future because it is usable and supports my decision-making.,Gemini 2.5 - Understandability: The explanation is easy to understand.,Gemini 2.5 - Trustworthiness: I trust this explanation given by the model.,Gemini 2.5 - Insightfulness: This explanation provides useful insight into why the decision was made.,Gemini 2.5 - Satisfaction: I am satisfied with how the explanation addressed my concerns about the decision.,Gemini 2.5 - Confidence: I am confident in the explanation provided for the model’s decision.,Gemini 2.5 - Convincingness: The explanation is convincing and makes the decision seem reasonable.,Gemini 2.5 - Communicability: The explanation is clear enough for me to communicate it to others.,Gemini 2.5 - Usability: I am likely to use this explanation in the future because it is usable and supports my decision-making.,Gemini 2.5 - Understandability: The explanation is easy to understand.,Gemini 2.5 - Trustworthiness: I trust this explanation given by the model.,Gemini 2.5 - Insightfulness: This explanation provides useful insight into why the decision was made.,Gemini 2.5 - Satisfaction: I am satisfied with how the explanation addressed my concerns about the decision.,Gemini 2.5 - Confidence: I am confident in the explanation provided for the model’s decision.,Gemini 2.5 - Convincingness: The explanation is convincing and makes the decision seem reasonable.,Gemini 2.5 - Communicability: The explanation is clear enough for me to communicate it to others.,Gemini 2.5 - Usability: I am likely to use this explanation in the future because it is usable and supports my decision-making.,Gemini 2.5 - Would you like to do another round?
"{""ImportId"":""startDate"",""timeZone"":""America/Denver""}","{""ImportId"":""endDate"",""timeZone"":""America/Denver""}","{""ImportId"":""status""}","{""ImportId"":""ipAddress""}","{""ImportId"":""progress""}","{""ImportId"":""duration""}","{""ImportId"":""finished""}","{""ImportId"":""recordedDate"",""timeZone"":""America/Denver""}","{""ImportId"":""_recordId""}","{""ImportId"":""recipientLastName""}","{""ImportId"":""recipientFirstName""}","{""ImportId"":""recipientEmail""}","{""ImportId"":""externalDataReference""}","{""ImportId"":""locationLatitude""}","{""ImportId"":""locationLongitude""}","{""ImportId"":""distributionChannel""}","{""ImportId"":""userLanguage""}","{""ImportId"":""Q_RecaptchaScore""}","{""ImportId"":""Q_BallotBoxStuffing""}","{""ImportId"":""QID125""}","{""ImportId"":""QID92""}","{""ImportId"":""1_QID135""}","{""ImportId"":""1_QID141""}","{""ImportId"":""1_QID145""}","{""ImportId"":""1_QID149""}","{""ImportId"":""1_QID153""}","{""ImportId"":""1_QID157""}","{""ImportId"":""1_QID161""}","{""ImportId"":""1_QID165""}","{""ImportId"":""1_QID136""}","{""ImportId"":""1_QID142""}","{""ImportId"":""1_QID146""}","{""ImportId"":""1_QID150""}","{""ImportId"":""1_QID155""}","{""ImportId"":""1_QID158""}","{""ImportId"":""1_QID162""}","{""ImportId"":""1_QID166""}","{""ImportId"":""1_QID138""}","{""ImportId"":""1_QID143""}","{""ImportId"":""1_QID147""}","{""ImportId"":""1_QID151""}","{""ImportId"":""1_QID154""}","{""ImportId"":""1_QID159""}","{""ImportId"":""1_QID163""}","{""ImportId"":""1_QID167""}","{""ImportId"":""1_QID140""}","{""ImportId"":""1_QID144""}","{""ImportId"":""1_QID148""}","{""ImportId"":""1_QID152""}","{""ImportId"":""1_QID156""}","{""ImportId"":""1_QID160""}","{""ImportId"":""1_QID164""}","{""ImportId"":""1_QID168""}","{""ImportId"":""1_QID206""}","{""ImportId"":""2_QID135""}","{""ImportId"":""2_QID141""}","{""ImportId"":""2_QID145""}","{""ImportId"":""2_QID149""}","{""ImportId"":""2_QID153""}","{""ImportId"":""2_QID157""}","{""ImportId"":""2_QID161""}","{""ImportId"":""2_QID165""}","{""ImportId"":""2_QID136""}","{""ImportId"":""2_QID142""}","{""ImportId"":""2_QID146""}","{""ImportId"":""2_QID150""}","{""ImportId"":""2_QID155""}","{""ImportId"":""2_QID158""}","{""ImportId"":""2_QID162""}","{""ImportId"":""2_QID166""}","{""ImportId"":""2_QID138""}","{""ImportId"":""2_QID143""}","{""ImportId"":""2_QID147""}","{""ImportId"":""2_QID151""}","{""ImportId"":""2_QID154""}","{""ImportId"":""2_QID159""}","{""ImportId"":""2_QID163""}","{""ImportId"":""2_QID167""}","{""ImportId"":""2_QID140""}","{""ImportId"":""2_QID144""}","{""ImportId"":""2_QID148""}","{""ImportId"":""2_QID152""}","{""ImportId"":""2_QID156""}","{""ImportId"":""2_QID160""}","{""ImportId"":""2_QID164""}","{""ImportId"":""2_QID168""}","{""ImportId"":""2_QID206""}","{""ImportId"":""3_QID135""}","{""ImportId"":""3_QID141""}","{""ImportId"":""3_QID145""}","{""ImportId"":""3_QID149""}","{""ImportId"":""3_QID153""}","{""ImportId"":""3_QID157""}","{""ImportId"":""3_QID161""}","{""ImportId"":""3_QID165""}","{""ImportId"":""3_QID136""}","{""ImportId"":""3_QID142""}","{""ImportId"":""3_QID146""}","{""ImportId"":""3_QID150""}","{""ImportId"":""3_QID155""}","{""ImportId"":""3_QID158""}","{""ImportId"":""3_QID162""}","{""ImportId"":""3_QID166""}","{""ImportId"":""3_QID138""}","{""ImportId"":""3_QID143""}","{""ImportId"":""3_QID147""}","{""ImportId"":""3_QID151""}","{""ImportId"":""3_QID154""}","{""ImportId"":""3_QID159""}","{""ImportId"":""3_QID163""}","{""ImportId"":""3_QID167""}","{""ImportId"":""3_QID140""}","{""ImportId"":""3_QID144""}","{""ImportId"":""3_QID148""}","{""ImportId"":""3_QID152""}","{""ImportId"":""3_QID156""}","{""ImportId"":""3_QID160""}","{""ImportId"":""3_QID164""}","{""ImportId"":""3_QID168""}","{""ImportId"":""3_QID206""}","{""ImportId"":""QID224""}","{""ImportId"":""QID225_TEXT""}","{""ImportId"":""QID94""}","{""ImportId"":""QID126""}","{""ImportId"":""QID127""}","{""ImportId"":""QID129""}","{""ImportId"":""QID130""}","{""ImportId"":""QID131""}","{""ImportId"":""1_QID111""}","{""ImportId"":""1_QID114""}","{""ImportId"":""1_QID116""}","{""ImportId"":""1_QID117""}","{""ImportId"":""1_QID118""}","{""ImportId"":""1_QID119""}","{""ImportId"":""1_QID120""}","{""ImportId"":""1_QID121""}","{""ImportId"":""1_QID176""}","{""ImportId"":""1_QID179""}","{""ImportId"":""1_QID182""}","{""ImportId"":""1_QID185""}","{""ImportId"":""1_QID188""}","{""ImportId"":""1_QID191""}","{""ImportId"":""1_QID195""}","{""ImportId"":""1_QID198""}","{""ImportId"":""1_QID177""}","{""ImportId"":""1_QID181""}","{""ImportId"":""1_QID183""}","{""ImportId"":""1_QID186""}","{""ImportId"":""1_QID189""}","{""ImportId"":""1_QID192""}","{""ImportId"":""1_QID196""}","{""ImportId"":""1_QID199""}","{""ImportId"":""1_QID178""}","{""ImportId"":""1_QID180""}","{""ImportId"":""1_QID184""}","{""ImportId"":""1_QID187""}","{""ImportId"":""1_QID190""}","{""ImportId"":""1_QID193""}","{""ImportId"":""1_QID197""}","{""ImportId"":""1_QID200""}","{""ImportId"":""1_QID208""}","{""ImportId"":""2_QID111""}","{""ImportId"":""2_QID114""}","{""ImportId"":""2_QID116""}","{""ImportId"":""2_QID117""}","{""ImportId"":""2_QID118""}","{""ImportId"":""2_QID119""}","{""ImportId"":""2_QID120""}","{""ImportId"":""2_QID121""}","{""ImportId"":""2_QID176""}","{""ImportId"":""2_QID179""}","{""ImportId"":""2_QID182""}","{""ImportId"":""2_QID185""}","{""ImportId"":""2_QID188""}","{""ImportId"":""2_QID191""}","{""ImportId"":""2_QID195""}","{""ImportId"":""2_QID198""}","{""ImportId"":""2_QID177""}","{""ImportId"":""2_QID181""}","{""ImportId"":""2_QID183""}","{""ImportId"":""2_QID186""}","{""ImportId"":""2_QID189""}","{""ImportId"":""2_QID192""}","{""ImportId"":""2_QID196""}","{""ImportId"":""2_QID199""}","{""ImportId"":""2_QID178""}","{""ImportId"":""2_QID180""}","{""ImportId"":""2_QID184""}","{""ImportId"":""2_QID187""}","{""ImportId"":""2_QID190""}","{""ImportId"":""2_QID193""}","{""ImportId"":""2_QID197""}","{""ImportId"":""2_QID200""}","{""ImportId"":""2_QID208""}","{""ImportId"":""3_QID111""}","{""ImportId"":""3_QID114""}","{""ImportId"":""3_QID116""}","{""ImportId"":""3_QID117""}","{""ImportId"":""3_QID118""}","{""ImportId"":""3_QID119""}","{""ImportId"":""3_QID120""}","{""ImportId"":""3_QID121""}","{""ImportId"":""3_QID176""}","{""ImportId"":""3_QID179""}","{""ImportId"":""3_QID182""}","{""ImportId"":""3_QID185""}","{""ImportId"":""3_QID188""}","{""ImportId"":""3_QID191""}","{""ImportId"":""3_QID195""}","{""ImportId"":""3_QID198""}","{""ImportId"":""3_QID177""}","{""ImportId"":""3_QID181""}","{""ImportId"":""3_QID183""}","{""ImportId"":""3_QID186""}","{""ImportId"":""3_QID189""}","{""ImportId"":""3_QID192""}","{""ImportId"":""3_QID196""}","{""ImportId"":""3_QID199""}","{""ImportId"":""3_QID178""}","{""ImportId"":""3_QID180""}","{""ImportId"":""3_QID184""}","{""ImportId"":""3_QID187""}","{""ImportId"":""3_QID190""}","{""ImportId"":""3_QID193""}","{""ImportId"":""3_QID197""}","{""ImportId"":""3_QID200""}","{""ImportId"":""3_QID208""}"
2025-08-27 05:44:34,2025-08-27 05:48:13,IP Address,64.228.137.160,100,218,True,2025-08-27 05:48:13,R_3eCSvwrFg6Cz4U7,,,,,42.9621,-81.6212,anonymous,EN,1,,Yes,No,,,,,,,,,,,,,,,,,,,,,,,,,,,,,,,,,,,,,,,,,,,,,,,,,,,,,,,,,,,,,,,,,,,,,,,,,,,,,,,,,,,,,,,,,,,,,,,,,,,,"3 - They should be used, no matter if they help the borrower or not.",,No,,,,,,,,,,,,,,,,,,,,,,,,,,,,,,,,,,,,,,,5 - Strongly Agree,4 - Slightly Agree,5 - Strongly Agree,4 - Slightly Agree,4 - Slightly Agree,5 - Strongly Agree,5 - Strongly Agree,5 - Strongly Agree,5 - Strongly Agree,4 - Slightly Agree,5 - Strongly Agree,5 - Strongly Agree,5 - Strongly Agree,5 - Strongly Agree,5 - Strongly Agree,5 - Strongly Agree,5 - Strongly Agree,5 - Strongly Agree,5 - Strongly Agree,5 - Strongly Agree,5 - Strongly Agree,4 - Slightly Agree,5 - Strongly Agree,5 - Strongly Agree,5 - Strongly Agree,5 - Strongly Agree,5 - Strongly Agree,5 - Strongly Agree,4 - Slightly Agree,5 - Strongly Agree,5 - Strongly Agree,5 - Strongly Agree,No,,,,,,,,,,,,,,,,,,,,,,,,,,,,,,,,,
2025-08-27 11:34:15,2025-08-27 11:37:32,IP Address,104.28.133.23,100,196,True,2025-08-27 11:37:32,R_1nk3s8POe9P9NVE,,,,,43.6547,-79.3623,anonymous,EN,1,,Yes,No,,,,,,,,,,,,,,,,,,,,,,,,,,,,,,,,,,,,,,,,,,,,,,,,,,,,,,,,,,,,,,,,,,,,,,,,,,,,,,,,,,,,,,,,,,,,,,,,,,,,4 - I am not sure / I don't know.,,Yes,18 - 24,Female,College diploma / Associate degree,North America,Other,,,,,,,,,,,,,,,,,,,,,,,,,,,,,,,,,,,,,,,,,,,,,,,,,,,,,,,,,,,,,,,,,,,5 - Strongly Agree,5 - Strongly Agree,5 - Strongly Agree,5 - Strongly Agree,5 - Strongly Agree,5 - Strongly Agree,5 - Strongly Agree,5 - Strongly Agree,5 - Strongly Agree,5 - Strongly Agree,5 - Strongly Agree,5 - Strongly Agree,5 - Strongly Agree,5 - Strongly Agree,5 - Strongly Agree,5 - Strongly Agree,5 - Strongly Agree,5 - Strongly Agree,5 - Strongly Agree,5 - Strongly Agree,5 - Strongly Agree,5 - Strongly Agree,5 - Strongly Agree,5 - Strongly Agree,5 - Strongly Agree,5 - Strongly Agree,5 - Strongly Agree,5 - Strongly Agree,5 - Strongly Agree,5 - Strongly Agree,5 - Strongly Agree,5 - Strongly Agree,No
2025-08-27 13:03:07,2025-08-27 13:09:51,IP Address,129.100.67.213,100,404,True,2025-08-27 13:09:52,R_7Oe9nEe7UCgOHW1,,,,,42.9979,-81.2602,anonymous,EN,1,,Yes,No,,,,,,,,,,,,,,,,,,,,,,,,,,,,,,,,,,,,,,,,,,,,,,,,,,,,,,,,,,,,,,,,,,,,,,,,,,,,,,,,,,,,,,,,,,,,,,,,,,,,2 - They should be used only if they help the borrower secure a loan.,,Yes,18 - 24,Male,Some college or university,North America,Technology or IT,5 - Strongly Agree,4 - Slightly Agree,4 - Slightly Agree,4 - Slightly Agree,4 - Slightly Agree,4 - Slightly Agree,5 - Strongly Agree,3 - Neutral,5 - Strongly Agree,4 - Slightly Agree,4 - Slightly Agree,4 - Slightly Agree,5 - Strongly Agree,5 - Strongly Agree,5 - Strongly Agree,4 - Slightly Agree,5 - Strongly Agree,5 - Strongly Agree,4 - Slightly Agree,4 - Slightly Agree,5 - Strongly Agree,5 - Strongly Agree,5 - Strongly Agree,4 - Slightly Agree,5 - Strongly Agree,4 - Slightly Agree,4 - Slightly Agree,4 - Slightly Agree,4 - Slightly Agree,4 - Slightly Agree,5 - Strongly Agree,4 - Slightly Agree,No,,,,,,,,,,,,,,,,,,,,,,,,,,,,,,,,,,,,,,,,,,,,,,,,,,,,,,,,,,,,,,,,,,
2025-08-27 12:45:18,2025-08-27 13:20:37,IP Address,142.126.101.27,100,2118,True,2025-08-27 13:20:37,R_3eJlzwVv87o70qF,,,,,42.9926,-81.3322,anonymous,EN,1,,Yes,Yes,5 - Strongly Agree,5 - Strongly Agree,4 - Slightly Agree,4 - Slightly Agree,3 - Neutral,5 - Strongly Agree,4 - Slightly Agree,4 - Slightly Agree,5 - Strongly Agree,5 - Strongly Agree,5 - Strongly Agree,5 - Strongly Agree,4 - Slightly Agree,4 - Slightly Agree,5 - Strongly Agree,4 - Slightly Agree,5 - Strongly Agree,5 - Strongly Agree,5 - Strongly Agree,5 - Strongly Agree,5 - Strongly Agree,5 - Strongly Agree,5 - Strongly Agree,5 - Strongly Agree,5 - Strongly Agree,5 - Strongly Agree,5 - Strongly Agree,5 - Strongly Agree,5 - Strongly Agree,5 - Strongly Agree,5 - Strongly Agree,5 - Strongly Agree,No,,,,,,,,,,,,,,,,,,,,,,,,,,,,,,,,,,,,,,,,,,,,,,,,,,,,,,,,,,,,,,,,,,,"3 - They should be used, no matter if they help the borrower or not.",,Yes,18 - 24,Female,Master's degree,East Asia,Student,,,,,,,,,,,,,,,,,,,,,,,,,,,,,,,,,,,,,,,,,,,,,,,,,,,,,,,,,,,,,,,,,,,,,,,,,,,,,,,,,,,,,,,,,,,,,,,,,,,
2025-08-27 13:38:11,2025-08-27 13:59:15,IP Address,104.28.133.27,100,1264,True,2025-08-27 13:59:16,R_5iYQ0rtrd2CqhlD,,,,,43.6547,-79.3623,anonymous,EN,1,,Yes,Yes,5 - Strongly Agree,5 - Strongly Agree,4 - Slightly Agree,4 - Slightly Agree,4 - Slightly Agree,4 - Slightly Agree,5 - Strongly Agree,5 - Strongly Agree,5 - Strongly Agree,5 - Strongly Agree,5 - Strongly Agree,4 - Slightly Agree,4 - Slightly Agree,5 - Strongly Agree,5 - Strongly Agree,5 - Strongly Agree,5 - Strongly Agree,5 - Strongly Agree,5 - Strongly Agree,5 - Strongly Agree,4 - Slightly Agree,4 - Slightly Agree,5 - Strongly Agree,5 - Strongly Agree,5 - Strongly Agree,5 - Strongly Agree,4 - Slightly Agree,4 - Slightly Agree,5 - Strongly Agree,5 - Strongly Agree,5 - Strongly Agree,5 - Strongly Agree,Yes,5 - Strongly Agree,5 - Strongly Agree,5 - Strongly Agree,5 - Strongly Agree,5 - Strongly Agree,5 - Strongly Agree,5 - Strongly Agree,5 - Strongly Agree,5 - Strongly Agree,5 - Strongly Agree,5 - Strongly Agree,5 - Strongly Agree,5 - Strongly Agree,5 - Strongly Agree,5 - Strongly Agree,5 - Strongly Agree,5 - Strongly Agree,5 - Strongly Agree,5 - Strongly Agree,5 - Strongly Agree,5 - Strongly Agree,5 - Strongly Agree,5 - Strongly Agree,5 - Strongly Agree,5 - Strongly Agree,5 - Strongly Agree,5 - Strongly Agree,5 - Strongly Agree,5 - Strongly Agree,5 - Strongly Agree,5 - Strongly Agree,5 - Strongly Agree,Yes,5 - Strongly Agree,5 - Strongly Agree,5 - Strongly Agree,5 - Strongly Agree,5 - Strongly Agree,5 - Strongly Agree,5 - Strongly Agree,5 - Strongly Agree,5 - Strongly Agree,5 - Strongly Agree,5 - Strongly Agree,5 - Strongly Agree,5 - Strongly Agree,5 - Strongly Agree,5 - Strongly Agree,5 - Strongly Agree,5 - Strongly Agree,5 - Strongly Agree,5 - Strongly Agree,5 - Strongly Agree,5 - Strongly Agree,5 - Strongly Agree,5 - Strongly Agree,5 - Strongly Agree,5 - Strongly Agree,5 - Strongly Agree,5 - Strongly Agree,5 - Strongly Agree,5 - Strongly Agree,5 - Strongly Agree,5 - Strongly Agree,5 - Strongly Agree,,"3 - They should be used, no matter if they help the borrower or not.",,Yes,35 - 44,Male,Master's degree,South America,Finance or Banking,,,,,,,,,,,,,,,,,,,,,,,,,,,,,,,,,,,,,,,,,,,,,,,,,,,,,,,,,,,,,,,,,,,,,,,,,,,,,,,,,,,,,,,,,,,,,,,,,,,
2025-08-27 13:52:03,2025-08-27 14:08:47,IP Address,209.52.88.86,100,1004,True,2025-08-27 14:08:48,R_7aftE3HeS43xSmW,,,,,49.2476,-123.1234,anonymous,EN,0.8999999761581421,,Yes,Yes,5 - Strongly Agree,5 - Strongly Agree,5 - Strongly Agree,5 - Strongly Agree,5 - Strongly Agree,5 - Strongly Agree,5 - Strongly Agree,5 - Strongly Agree,5 - Strongly Agree,5 - Strongly Agree,5 - Strongly Agree,5 - Strongly Agree,4 - Slightly Agree,4 - Slightly Agree,4 - Slightly Agree,Unsure/Prefer not to answer,5 - Strongly Agree,5 - Strongly Agree,5 - Strongly Agree,5 - Strongly Agree,4 - Slightly Agree,5 - Strongly Agree,5 - Strongly Agree,5 - Strongly Agree,5 - Strongly Agree,5 - Strongly Agree,4 - Slightly Agree,5 - Strongly Agree,5 - Strongly Agree,5 - Strongly Agree,5 - Strongly Agree,5 - Strongly Agree,No,,,,,,,,,,,,,,,,,,,,,,,,,,,,,,,,,,,,,,,,,,,,,,,,,,,,,,,,,,,,,,,,,,,2 - They should be used only if they help the borrower secure a loan.,,No,,,,,,,,,,,,,,,,,,,,,,,,,,,,,,,,,,,,,,,,,,,,,,,,,,,,,,,,,,,,,,,,,,,,,,,,,,,,,,,,,,,,,,,,,,,,,,,,,,,,,,,,
2025-08-27 15:07:47,2025-08-27 15:15:31,IP Address,216.181.15.126,100,464,True,2025-08-27 15:15:32,R_7lEvqlNsiMuy5VH,,,,,42.9856,-81.2348,anonymous,EN,0.8999999761581421,,Yes,Yes,,,,,,,,,,,,,,,,,,,,,,,,,,,,,,,,,,4 - Slightly Agree,4 - Slightly Agree,5 - Strongly Agree,4 - Slightly Agree,3 - Neutral,4 - Slightly Agree,5 - Strongly Agree,4 - Slightly Agree,5 - Strongly Agree,5 - Strongly Agree,4 - Slightly Agree,5 - Strongly Agree,5 - Strongly Agree,5 - Strongly Agree,5 - Strongly Agree,5 - Strongly Agree,5 - Strongly Agree,4 - Slightly Agree,5 - Strongly Agree,5 - Strongly Agree,4 - Slightly Agree,4 - Slightly Agree,4 - Slightly Agree,4 - Slightly Agree,5 - Strongly Agree,4 - Slightly Agree,4 - Slightly Agree,4 - Slightly Agree,5 - Strongly Agree,5 - Strongly Agree,4 - Slightly Agree,5 - Strongly Agree,No,,,,,,,,,,,,,,,,,,,,,,,,,,,,,,,,,,2 - They should be used only if they help the borrower secure a loan.,,Yes,35 - 44,Male,"Doctorate or professional degree (PhD, JD, MD, etc.)",North America,Education,,,,,,,,,,,,,,,,,,,,,,,,,,,,,,,,,,,,,,,,,,,,,,,,,,,,,,,,,,,,,,,,,,,,,,,,,,,,,,,,,,,,,,,,,,,,,,,,,,,
2025-08-27 15:45:02,2025-08-27 15:49:08,IP Address,70.50.92.20,100,245,True,2025-08-27 15:49:08,R_62ubOjuq9v57TOx,,,,,43.0147,-81.3049,anonymous,EN,1,,Yes,No,,,,,,,,,,,,,,,,,,,,,,,,,,,,,,,,,,,,,,,,,,,,,,,,,,,,,,,,,,,,,,,,,,,,,,,,,,,,,,,,,,,,,,,,,,,,,,,,,,,,"3 - They should be used, no matter if they help the borrower or not.",,Yes,18 - 24,Male,Master's degree,North America,Student,3 - Neutral,4 - Slightly Agree,5 - Strongly Agree,5 - Strongly Agree,4 - Slightly Agree,5 - Strongly Agree,5 - Strongly Agree,4 - Slightly Agree,4 - Slightly Agree,4 - Slightly Agree,5 - Strongly Agree,4 - Slightly Agree,4 - Slightly Agree,5 - Strongly Agree,4 - Slightly Agree,5 - Strongly Agree,4 - Slightly Agree,4 - Slightly Agree,5 - Strongly Agree,4 - Slightly Agree,3 - Neutral,3 - Neutral,4 - Slightly Agree,3 - Neutral,5 - Strongly Agree,Unsure/Prefer not to answer,4 - Slightly Agree,5 - Strongly Agree,4 - Slightly Agree,4 - Slightly Agree,5 - Strongly Agree,3 - Neutral,No,,,,,,,,,,,,,,,,,,,,,,,,,,,,,,,,,,,,,,,,,,,,,,,,,,,,,,,,,,,,,,,,,,
2025-08-27 07:00:38,2025-08-27 15:51:28,IP Address,70.50.92.20,100,31850,True,2025-08-27 15:51:29,R_3u8aijYq6BxtI7D,,,,,43.6576,-79.3798,anonymous,EN,1,,Yes,No,,,,,,,,,,,,,,,,,,,,,,,,,,,,,,,,,,,,,,,,,,,,,,,,,,,,,,,,,,,,,,,,,,,,,,,,,,,,,,,,,,,,,,,,,,,,,,,,,,,,"3 - They should be used, no matter if they help the borrower or not.",,No,,,,,,4 - Slightly Agree,5 - Strongly Agree,5 - Strongly Agree,4 - Slightly Agree,4 - Slightly Agree,5 - Strongly Agree,5 - Strongly Agree,5 - Strongly Agree,5 - Strongly Agree,4 - Slightly Agree,4 - Slightly Agree,5 - Strongly Agree,5 - Strongly Agree,5 - Strongly Agree,4 - Slightly Agree,3 - Neutral,3 - Neutral,4 - Slightly Agree,5 - Strongly Agree,4 - Slightly Agree,4 - Slightly Agree,5 - Strongly Agree,4 - Slightly Agree,5 - Strongly Agree,4 - Slightly Agree,3 - Neutral,5 - Strongly Agree,4 - Slightly Agree,4 - Slightly Agree,5 - Strongly Agree,5 - Strongly Agree,5 - Strongly Agree,No,,,,,,,,,,,,,,,,,,,,,,,,,,,,,,,,,,,,,,,,,,,,,,,,,,,,,,,,,,,,,,,,,,
2025-08-27 16:57:10,2025-08-27 17:54:39,IP Address,207.136.96.124,100,3449,True,2025-08-27 17:54:39,R_6EXrhkX85CUKB5T,,,,,43.6694,-79.4018,anonymous,EN,0.8999999761581421,,Yes,Yes,4 - Slightly Agree,4 - Slightly Agree,4 - Slightly Agree,4 - Slightly Agree,3 - Neutral,4 - Slightly Agree,4 - Slightly Agree,3 - Neutral,4 - Slightly Agree,4 - Slightly Agree,4 - Slightly Agree,3 - Neutral,4 - Slightly Agree,3 - Neutral,4 - Slightly Agree,4 - Slightly Agree,4 - Slightly Agree,4 - Slightly Agree,3 - Neutral,4 - Slightly Agree,4 - Slightly Agree,4 - Slightly Agree,3 - Neutral,3 - Neutral,4 - Slightly Agree,4 - Slightly Agree,5 - Strongly Agree,4 - Slightly Agree,4 - Slightly Agree,4 - Slightly Agree,4 - Slightly Agree,4 - Slightly Agree,No,,,,,,,,,,,,,,,,,,,,,,,,,,,,,,,,,,4 - Slightly Agree,2 - Slightly Disagree,2 - Slightly Disagree,1 - Strongly Disagree,2 - Slightly Disagree,2 - Slightly Disagree,3 - Neutral,1 - Strongly Disagree,4 - Slightly Agree,3 - Neutral,2 - Slightly Disagree,3 - Neutral,3 - Neutral,3 - Neutral,3 - Neutral,3 - Neutral,5 - Strongly Agree,4 - Slightly Agree,4 - Slightly Agree,3 - Neutral,3 - Neutral,3 - Neutral,4 - Slightly Agree,4 - Slightly Agree,4 - Slightly Agree,4 - Slightly Agree,3 - Neutral,4 - Slightly Agree,4 - Slightly Agree,3 - Neutral,3 - Neutral,4 - Slightly Agree,Yes,"3 - They should be used, no matter if they help the borrower or not.",,No,,,,,,,,,,,,,,,,,,,,,,,,,,,,,,,,,,,,,,,,,,,,,,,,,,,,,,,,,,,,,,,,,,,,,,,,,,,,,,,,,,,,,,,,,,,,,,,,,,,,,,,,
2025-08-27 20:18:11,2025-08-27 20:34:58,IP Address,99.242.67.112,100,1007,True,2025-08-27 20:34:59,R_5NVLqb07biuY7Pr,,,,,43.0147,-81.3049,anonymous,EN,1,,Yes,Yes,5 - Strongly Agree,5 - Strongly Agree,4 - Slightly Agree,4 - Slightly Agree,4 - Slightly Agree,4 - Slightly Agree,5 - Strongly Agree,5 - Strongly Agree,5 - Strongly Agree,5 - Strongly Agree,5 - Strongly Agree,5 - Strongly Agree,5 - Strongly Agree,5 - Strongly Agree,5 - Strongly Agree,5 - Strongly Agree,5 - Strongly Agree,5 - Strongly Agree,5 - Strongly Agree,5 - Strongly Agree,5 - Strongly Agree,5 - Strongly Agree,5 - Strongly Agree,5 - Strongly Agree,5 - Strongly Agree,5 - Strongly Agree,5 - Strongly Agree,5 - Strongly Agree,5 - Strongly Agree,5 - Strongly Agree,5 - Strongly Agree,5 - Strongly Agree,No,,,,,,,,,,,,,,,,,,,,,,,,,,,,,,,,,,,,,,,,,,,,,,,,,,,,,,,,,,,,,,,,,,,2 - They should be used only if they help the borrower secure a loan.,,Yes,25 - 34,Female,Master's degree,Prefer not to say,Student,,,,,,,,,,,,,,,,,,,,,,,,,,,,,,,,,,,,,,,,,,,,,,,,,,,,,,,,,,,,,,,,,,,,,,,,,,,,,,,,,,,,,,,,,,,,,,,,,,,
2025-08-28 08:17:57,2025-08-28 08:32:14,IP Address,174.89.137.138,100,857,True,2025-08-28 08:32:15,R_369kYsqTFbY1h8O,,,,,42.9926,-81.3322,anonymous,EN,1,,Yes,No,,,,,,,,,,,,,,,,,,,,,,,,,,,,,,,,,,,,,,,,,,,,,,,,,,,,,,,,,,,,,,,,,,,,,,,,,,,,,,,,,,,,,,,,,,,,,,,,,,,,"3 - They should be used, no matter if they help the borrower or not.",,Yes,65 or older,Female,Some college or university,North America,Prefer not to say,,,,,,,,,,,,,,,,,,,,,,,,,,,,,,,,,,,,,,,,,,,,,,,,,,,,,,,,,,,,,,,,,,,5 - Strongly Agree,4 - Slightly Agree,5 - Strongly Agree,5 - Strongly Agree,4 - Slightly Agree,5 - Strongly Agree,5 - Strongly Agree,5 - Strongly Agree,4 - Slightly Agree,4 - Slightly Agree,4 - Slightly Agree,4 - Slightly Agree,4 - Slightly Agree,4 - Slightly Agree,4 - Slightly Agree,3 - Neutral,5 - Strongly Agree,5 - Strongly Agree,4 - Slightly Agree,5 - Strongly Agree,5 - Strongly Agree,4 - Slightly Agree,5 - Strongly Agree,5 - Strongly Agree,5 - Strongly Agree,5 - Strongly Agree,5 - Strongly Agree,4 - Slightly Agree,5 - Strongly Agree,5 - Strongly Agree,5 - Strongly Agree,5 - Strongly Agree,No
2025-08-28 11:21:34,2025-08-28 11:37:11,IP Address,198.2.67.56,100,937,True,2025-08-28 11:37:12,R_31uIs5jyG2KOs0i,,,,,43.0147,-81.3049,anonymous,EN,1,,Yes,Yes,,,,,,,,,,,,,,,,,,,,,,,,,,,,,,,,,,5 - Strongly Agree,5 - Strongly Agree,4 - Slightly Agree,5 - Strongly Agree,5 - Strongly Agree,5 - Strongly Agree,4 - Slightly Agree,5 - Strongly Agree,5 - Strongly Agree,4 - Slightly Agree,5 - Strongly Agree,5 - Strongly Agree,4 - Slightly Agree,4 - Slightly Agree,4 - Slightly Agree,5 - Strongly Agree,3 - Neutral,4 - Slightly Agree,4 - Slightly Agree,4 - Slightly Agree,3 - Neutral,3 - Neutral,4 - Slightly Agree,3 - Neutral,5 - Strongly Agree,4 - Slightly Agree,4 - Slightly Agree,3 - Neutral,4 - Slightly Agree,3 - Neutral,3 - Neutral,3 - Neutral,No,,,,,,,,,,,,,,,,,,,,,,,,,,,,,,,,,,"3 - They should be used, no matter if they help the borrower or not.","If the comments are directly sent to a client, they should be more ""sensible"" to people's conditions, I would present this information in nicer approach. ",Yes,25 - 34,Female,Master's degree,North America,Finance or Banking,,,,,,,,,,,,,,,,,,,,,,,,,,,,,,,,,,,,,,,,,,,,,,,,,,,,,,,,,,,,,,,,,,,,,,,,,,,,,,,,,,,,,,,,,,,,,,,,,,,
2025-08-28 15:14:51,2025-08-28 15:30:09,IP Address,129.100.255.84,100,918,True,2025-08-28 15:30:10,R_1fj8tjKlyDL8ejm,,,,,43.0147,-81.3049,anonymous,EN,1,,Yes,Yes,,,,,,,,,,,,,,,,,,,,,,,,,,,,,,,,,,4 - Slightly Agree,5 - Strongly Agree,5 - Strongly Agree,5 - Strongly Agree,4 - Slightly Agree,4 - Slightly Agree,3 - Neutral,3 - Neutral,5 - Strongly Agree,5 - Strongly Agree,5 - Strongly Agree,5 - Strongly Agree,5 - Strongly Agree,5 - Strongly Agree,5 - Strongly Agree,4 - Slightly Agree,2 - Slightly Disagree,5 - Strongly Agree,4 - Slightly Agree,2 - Slightly Disagree,4 - Slightly Agree,5 - Strongly Agree,2 - Slightly Disagree,2 - Slightly Disagree,5 - Strongly Agree,4 - Slightly Agree,4 - Slightly Agree,5 - Strongly Agree,4 - Slightly Agree,4 - Slightly Agree,5 - Strongly Agree,5 - Strongly Agree,Yes,4 - Slightly Agree,4 - Slightly Agree,4 - Slightly Agree,4 - Slightly Agree,4 - Slightly Agree,4 - Slightly Agree,4 - Slightly Agree,4 - Slightly Agree,3 - Neutral,5 - Strongly Agree,4 - Slightly Agree,3 - Neutral,4 - Slightly Agree,4 - Slightly Agree,2 - Slightly Disagree,3 - Neutral,4 - Slightly Agree,4 - Slightly Agree,4 - Slightly Agree,5 - Strongly Agree,4 - Slightly Agree,4 - Slightly Agree,5 - Strongly Agree,4 - Slightly Agree,5 - Strongly Agree,4 - Slightly Agree,4 - Slightly Agree,5 - Strongly Agree,4 - Slightly Agree,4 - Slightly Agree,5 - Strongly Agree,5 - Strongly Agree,No,"3 - They should be used, no matter if they help the borrower or not.",,Yes,25 - 34,Male,Master's degree,North America,Student,,,,,,,,,,,,,,,,,,,,,,,,,,,,,,,,,,,,,,,,,,,,,,,,,,,,,,,,,,,,,,,,,,,,,,,,,,,,,,,,,,,,,,,,,,,,,,,,,,,
2025-08-28 15:58:21,2025-08-28 16:40:51,IP Address,104.28.133.30,100,2550,True,2025-08-28 16:40:52,R_7qxdfJxJX6PXvFz,,,,,42.9856,-81.2348,anonymous,EN,1,,Yes,No,,,,,,,,,,,,,,,,,,,,,,,,,,,,,,,,,,,,,,,,,,,,,,,,,,,,,,,,,,,,,,,,,,,,,,,,,,,,,,,,,,,,,,,,,,,,,,,,,,,,4 - I am not sure / I don't know.,,Yes,35 - 44,Female,Master's degree,North America,Other,5 - Strongly Agree,5 - Strongly Agree,5 - Strongly Agree,5 - Strongly Agree,5 - Strongly Agree,5 - Strongly Agree,5 - Strongly Agree,5 - Strongly Agree,2 - Slightly Disagree,2 - Slightly Disagree,2 - Slightly Disagree,2 - Slightly Disagree,2 - Slightly Disagree,2 - Slightly Disagree,2 - Slightly Disagree,3 - Neutral,4 - Slightly Agree,4 - Slightly Agree,4 - Slightly Agree,4 - Slightly Agree,4 - Slightly Agree,4 - Slightly Agree,4 - Slightly Agree,4 - Slightly Agree,5 - Strongly Agree,5 - Strongly Agree,5 - Strongly Agree,5 - Strongly Agree,5 - Strongly Agree,5 - Strongly Agree,5 - Strongly Agree,5 - Strongly Agree,Yes,4 - Slightly Agree,4 - Slightly Agree,5 - Strongly Agree,4 - Slightly Agree,3 - Neutral,4 - Slightly Agree,4 - Slightly Agree,4 - Slightly Agree,5 - Strongly Agree,5 - Strongly Agree,5 - Strongly Agree,4 - Slightly Agree,5 - Strongly Agree,5 - Strongly Agree,5 - Strongly Agree,5 - Strongly Agree,4 - Slightly Agree,5 - Strongly Agree,5 - Strongly Agree,5 - Strongly Agree,5 - Strongly Agree,5 - Strongly Agree,5 - Strongly Agree,5 - Strongly Agree,4 - Slightly Agree,4 - Slightly Agree,3 - Neutral,3 - Neutral,3 - Neutral,3 - Neutral,4 - Slightly Agree,4 - Slightly Agree,Yes,5 - Strongly Agree,5 - Strongly Agree,5 - Strongly Agree,5 - Strongly Agree,5 - Strongly Agree,5 - Strongly Agree,5 - Strongly Agree,5 - Strongly Agree,5 - Strongly Agree,5 - Strongly Agree,5 - Strongly Agree,5 - Strongly Agree,5 - Strongly Agree,5 - Strongly Agree,5 - Strongly Agree,5 - Strongly Agree,5 - Strongly Agree,5 - Strongly Agree,5 - Strongly Agree,5 - Strongly Agree,5 - Strongly Agree,5 - Strongly Agree,5 - Strongly Agree,5 - Strongly Agree,5 - Strongly Agree,5 - Strongly Agree,5 - Strongly Agree,5 - Strongly Agree,5 - Strongly Agree,4 - Slightly Agree,4 - Slightly Agree,4 - Slightly Agree,
2025-08-28 17:55:08,2025-08-28 18:06:50,IP Address,50.234.189.21,100,701,True,2025-08-28 18:06:51,R_31U4jFi5XfhrwPv,,,,,42.3737,-71.1284,anonymous,EN,0.8999999761581421,,Yes,Yes,,,,,,,,,,,,,,,,,,,,,,,,,,,,,,,,,,,,,,,,,,,,,,,,,,,,,,,,,,,,,,,,,,,4 - Slightly Agree,5 - Strongly Agree,4 - Slightly Agree,3 - Neutral,4 - Slightly Agree,4 - Slightly Agree,3 - Neutral,2 - Slightly Disagree,5 - Strongly Agree,5 - Strongly Agree,4 - Slightly Agree,4 - Slightly Agree,5 - Strongly Agree,4 - Slightly Agree,4 - Slightly Agree,3 - Neutral,5 - Strongly Agree,4 - Slightly Agree,3 - Neutral,4 - Slightly Agree,3 - Neutral,4 - Slightly Agree,4 - Slightly Agree,3 - Neutral,5 - Strongly Agree,4 - Slightly Agree,5 - Strongly Agree,4 - Slightly Agree,4 - Slightly Agree,4 - Slightly Agree,4 - Slightly Agree,3 - Neutral,No,"3 - They should be used, no matter if they help the borrower or not.",,Yes,25 - 34,Male,"Doctorate or professional degree (PhD, JD, MD, etc.)",North America,Finance or Banking,,,,,,,,,,,,,,,,,,,,,,,,,,,,,,,,,,,,,,,,,,,,,,,,,,,,,,,,,,,,,,,,,,,,,,,,,,,,,,,,,,,,,,,,,,,,,,,,,,,
2025-08-28 18:48:02,2025-08-28 22:25:53,IP Address,103.98.236.58,100,13070,True,2025-08-28 22:25:53,R_44i8Qb45HjJbR5L,,,,,-33.7777,151.0117,anonymous,EN,1,,Yes,No,,,,,,,,,,,,,,,,,,,,,,,,,,,,,,,,,,,,,,,,,,,,,,,,,,,,,,,,,,,,,,,,,,,,,,,,,,,,,,,,,,,,,,,,,,,,,,,,,,,,"3 - They should be used, no matter if they help the borrower or not.",,Yes,45 - 54,Male,Master's degree,Australia / Oceania,Education,5 - Strongly Agree,5 - Strongly Agree,5 - Strongly Agree,5 - Strongly Agree,5 - Strongly Agree,5 - Strongly Agree,5 - Strongly Agree,5 - Strongly Agree,5 - Strongly Agree,5 - Strongly Agree,5 - Strongly Agree,5 - Strongly Agree,5 - Strongly Agree,5 - Strongly Agree,5 - Strongly Agree,5 - Strongly Agree,5 - Strongly Agree,5 - Strongly Agree,5 - Strongly Agree,5 - Strongly Agree,5 - Strongly Agree,5 - Strongly Agree,5 - Strongly Agree,5 - Strongly Agree,5 - Strongly Agree,5 - Strongly Agree,5 - Strongly Agree,5 - Strongly Agree,5 - Strongly Agree,5 - Strongly Agree,5 - Strongly Agree,5 - Strongly Agree,No,,,,,,,,,,,,,,,,,,,,,,,,,,,,,,,,,,,,,,,,,,,,,,,,,,,,,,,,,,,,,,,,,,
2025-08-29 05:44:58,2025-08-29 05:58:25,IP Address,60.227.219.167,100,806,True,2025-08-29 05:58:25,R_4jjEUhNsEvifKcK,,,,,-33.9034,151.1366,anonymous,EN,1,,Yes,No,,,,,,,,,,,,,,,,,,,,,,,,,,,,,,,,,,,,,,,,,,,,,,,,,,,,,,,,,,,,,,,,,,,,,,,,,,,,,,,,,,,,,,,,,,,,,,,,,,,,"3 - They should be used, no matter if they help the borrower or not.",,No,,,,,,,,,,,,,,,,,,,,,,,,,,,,,,,,,,,,,,,3 - Neutral,2 - Slightly Disagree,3 - Neutral,3 - Neutral,2 - Slightly Disagree,2 - Slightly Disagree,3 - Neutral,3 - Neutral,4 - Slightly Agree,4 - Slightly Agree,5 - Strongly Agree,5 - Strongly Agree,4 - Slightly Agree,4 - Slightly Agree,4 - Slightly Agree,4 - Slightly Agree,4 - Slightly Agree,3 - Neutral,3 - Neutral,3 - Neutral,3 - Neutral,4 - Slightly Agree,4 - Slightly Agree,4 - Slightly Agree,2 - Slightly Disagree,2 - Slightly Disagree,3 - Neutral,2 - Slightly Disagree,2 - Slightly Disagree,3 - Neutral,2 - Slightly Disagree,2 - Slightly Disagree,No,,,,,,,,,,,,,,,,,,,,,,,,,,,,,,,,,
2025-08-29 07:35:58,2025-08-29 07:54:35,IP Address,72.136.109.230,100,1117,True,2025-08-29 07:54:36,R_11aYqZ3jm1cfcpH,,,,,43.7692,-79.4949,anonymous,EN,1,,Yes,Yes,5 - Strongly Agree,5 - Strongly Agree,3 - Neutral,2 - Slightly Disagree,2 - Slightly Disagree,3 - Neutral,5 - Strongly Agree,4 - Slightly Agree,5 - Strongly Agree,5 - Strongly Agree,4 - Slightly Agree,5 - Strongly Agree,5 - Strongly Agree,5 - Strongly Agree,4 - Slightly Agree,4 - Slightly Agree,4 - Slightly Agree,4 - Slightly Agree,2 - Slightly Disagree,2 - Slightly Disagree,4 - Slightly Agree,2 - Slightly Disagree,2 - Slightly Disagree,2 - Slightly Disagree,5 - Strongly Agree,3 - Neutral,2 - Slightly Disagree,2 - Slightly Disagree,2 - Slightly Disagree,3 - Neutral,2 - Slightly Disagree,3 - Neutral,No,,,,,,,,,,,,,,,,,,,,,,,,,,,,,,,,,,,,,,,,,,,,,,,,,,,,,,,,,,,,,,,,,,,"3 - They should be used, no matter if they help the borrower or not.",,No,,,,,,,,,,,,,,,,,,,,,,,,,,,,,,,,,,,,,,,,,,,,,,,,,,,,,,,,,,,,,,,,,,,,,,,,,,,,,,,,,,,,,,,,,,,,,,,,,,,,,,,,
2025-08-29 09:51:56,2025-08-29 10:02:04,IP Address,64.228.137.44,100,608,True,2025-08-29 10:02:05,R_5UXF74V9GbujJkt,,,,,42.9621,-81.6212,anonymous,EN,1,,Yes,Yes,4 - Slightly Agree,4 - Slightly Agree,4 - Slightly Agree,3 - Neutral,3 - Neutral,4 - Slightly Agree,4 - Slightly Agree,3 - Neutral,5 - Strongly Agree,4 - Slightly Agree,5 - Strongly Agree,4 - Slightly Agree,4 - Slightly Agree,5 - Strongly Agree,5 - Strongly Agree,3 - Neutral,5 - Strongly Agree,4 - Slightly Agree,5 - Strongly Agree,4 - Slightly Agree,5 - Strongly Agree,5 - Strongly Agree,5 - Strongly Agree,4 - Slightly Agree,5 - Strongly Agree,5 - Strongly Agree,4 - Slightly Agree,4 - Slightly Agree,5 - Strongly Agree,5 - Strongly Agree,5 - Strongly Agree,4 - Slightly Agree,Yes,4 - Slightly Agree,4 - Slightly Agree,4 - Slightly Agree,3 - Neutral,4 - Slightly Agree,3 - Neutral,4 - Slightly Agree,3 - Neutral,5 - Strongly Agree,5 - Strongly Agree,4 - Slightly Agree,4 - Slightly Agree,4 - Slightly Agree,5 - Strongly Agree,4 - Slightly Agree,4 - Slightly Agree,5 - Strongly Agree,4 - Slightly Agree,4 - Slightly Agree,4 - Slightly Agree,4 - Slightly Agree,4 - Slightly Agree,4 - Slightly Agree,4 - Slightly Agree,5 - Strongly Agree,5 - Strongly Agree,4 - Slightly Agree,3 - Neutral,4 - Slightly Agree,4 - Slightly Agree,4 - Slightly Agree,4 - Slightly Agree,Yes,5 - Strongly Agree,4 - Slightly Agree,4 - Slightly Agree,3 - Neutral,4 - Slightly Agree,3 - Neutral,4 - Slightly Agree,3 - Neutral,5 - Strongly Agree,4 - Slightly Agree,4 - Slightly Agree,3 - Neutral,3 - Neutral,3 - Neutral,4 - Slightly Agree,2 - Slightly Disagree,5 - Strongly Agree,4 - Slightly Agree,4 - Slightly Agree,3 - Neutral,3 - Neutral,3 - Neutral,4 - Slightly Agree,3 - Neutral,5 - Strongly Agree,5 - Strongly Agree,4 - Slightly Agree,3 - Neutral,4 - Slightly Agree,3 - Neutral,4 - Slightly Agree,3 - Neutral,,"3 - They should be used, no matter if they help the borrower or not.",,No,,,,,,,,,,,,,,,,,,,,,,,,,,,,,,,,,,,,,,,,,,,,,,,,,,,,,,,,,,,,,,,,,,,,,,,,,,,,,,,,,,,,,,,,,,,,,,,,,,,,,,,,
2025-08-27 11:12:57,2025-08-29 12:22:27,IP Address,186.29.181.99,100,176970,True,2025-08-29 12:22:28,R_6EtNlumMfZbdVtQ,,,,,4.7124,-74.0367,anonymous,EN,1,,Yes,Yes,,,,,,,,,,,,,,,,,,,,,,,,,,,,,,,,,,4 - Slightly Agree,4 - Slightly Agree,4 - Slightly Agree,5 - Strongly Agree,5 - Strongly Agree,4 - Slightly Agree,2 - Slightly Disagree,4 - Slightly Agree,4 - Slightly Agree,4 - Slightly Agree,4 - Slightly Agree,5 - Strongly Agree,5 - Strongly Agree,4 - Slightly Agree,2 - Slightly Disagree,4 - Slightly Agree,4 - Slightly Agree,4 - Slightly Agree,4 - Slightly Agree,4 - Slightly Agree,3 - Neutral,2 - Slightly Disagree,2 - Slightly Disagree,2 - Slightly Disagree,4 - Slightly Agree,4 - Slightly Agree,4 - Slightly Agree,4 - Slightly Agree,4 - Slightly Agree,2 - Slightly Disagree,2 - Slightly Disagree,2 - Slightly Disagree,No,,,,,,,,,,,,,,,,,,,,,,,,,,,,,,,,,,2 - They should be used only if they help the borrower secure a loan.,"I think it would be nice to know a priori the meaning of network variables, not all people would understand them in a risk assessment. All the evaluations seem positive (this is interesting and common in the chat outputs) but it was not clear if the loan was approval or not .",Yes,35 - 44,Female,Master's degree,South America,Education,,,,,,,,,,,,,,,,,,,,,,,,,,,,,,,,,,,,,,,,,,,,,,,,,,,,,,,,,,,,,,,,,,,,,,,,,,,,,,,,,,,,,,,,,,,,,,,,,,,
2025-08-29 12:57:52,2025-08-29 13:45:50,IP Address,104.158.240.211,100,2877,True,2025-08-29 13:45:51,R_5jByRUPy1o9GODL,,,,,43.5752,-79.6296,anonymous,EN,1,,Yes,No,,,,,,,,,,,,,,,,,,,,,,,,,,,,,,,,,,,,,,,,,,,,,,,,,,,,,,,,,,,,,,,,,,,,,,,,,,,,,,,,,,,,,,,,,,,,,,,,,,,,4 - I am not sure / I don't know.,,Yes,35 - 44,Male,"Doctorate or professional degree (PhD, JD, MD, etc.)",North America,,,,,,,,,,,,,,,,,,,,,,,,,,,,,,,,,,,,,,,,,,,,,,,,,,,,,,,,,,,,,,,,,,,,5 - Strongly Agree,5 - Strongly Agree,5 - Strongly Agree,5 - Strongly Agree,5 - Strongly Agree,5 - Strongly Agree,5 - Strongly Agree,5 - Strongly Agree,5 - Strongly Agree,5 - Strongly Agree,5 - Strongly Agree,5 - Strongly Agree,5 - Strongly Agree,5 - Strongly Agree,5 - Strongly Agree,5 - Strongly Agree,3 - Neutral,3 - Neutral,3 - Neutral,4 - Slightly Agree,3 - Neutral,3 - Neutral,3 - Neutral,3 - Neutral,5 - Strongly Agree,5 - Strongly Agree,5 - Strongly Agree,5 - Strongly Agree,5 - Strongly Agree,5 - Strongly Agree,5 - Strongly Agree,5 - Strongly Agree,No
2025-08-29 14:20:01,2025-08-29 14:25:12,IP Address,99.242.233.137,100,310,True,2025-08-29 14:25:12,R_5QUeN70DkeSt19D,,,,,42.9591,-81.2322,anonymous,EN,1,,Yes,No,,,,,,,,,,,,,,,,,,,,,,,,,,,,,,,,,,,,,,,,,,,,,,,,,,,,,,,,,,,,,,,,,,,,,,,,,,,,,,,,,,,,,,,,,,,,,,,,,,,,2 - They should be used only if they help the borrower secure a loan.,,No,,,,,,5 - Strongly Agree,4 - Slightly Agree,4 - Slightly Agree,5 - Strongly Agree,4 - Slightly Agree,5 - Strongly Agree,5 - Strongly Agree,5 - Strongly Agree,5 - Strongly Agree,5 - Strongly Agree,4 - Slightly Agree,5 - Strongly Agree,4 - Slightly Agree,5 - Strongly Agree,5 - Strongly Agree,5 - Strongly Agree,5 - Strongly Agree,5 - Strongly Agree,5 - Strongly Agree,5 - Strongly Agree,4 - Slightly Agree,5 - Strongly Agree,5 - Strongly Agree,5 - Strongly Agree,5 - Strongly Agree,5 - Strongly Agree,5 - Strongly Agree,5 - Strongly Agree,5 - Strongly Agree,5 - Strongly Agree,5 - Strongly Agree,5 - Strongly Agree,Yes,,,,,,,,,,,,,,,,,,,,,,,,,,,,,,,,,,5 - Strongly Agree,5 - Strongly Agree,4 - Slightly Agree,4 - Slightly Agree,5 - Strongly Agree,5 - Strongly Agree,5 - Strongly Agree,5 - Strongly Agree,5 - Strongly Agree,5 - Strongly Agree,5 - Strongly Agree,4 - Slightly Agree,5 - Strongly Agree,5 - Strongly Agree,5 - Strongly Agree,5 - Strongly Agree,4 - Slightly Agree,5 - Strongly Agree,5 - Strongly Agree,4 - Slightly Agree,5 - Strongly Agree,5 - Strongly Agree,5 - Strongly Agree,5 - Strongly Agree,5 - Strongly Agree,5 - Strongly Agree,5 - Strongly Agree,4 - Slightly Agree,5 - Strongly Agree,4 - Slightly Agree,5 - Strongly Agree,4 - Slightly Agree,No
2025-08-29 19:21:43,2025-08-30 05:36:53,IP Address,142.181.95.202,100,36909,True,2025-08-30 05:36:54,R_61dUCxySycv3FQE,,,,,43.8137,-79.4531,anonymous,EN,1,,Yes,No,,,,,,,,,,,,,,,,,,,,,,,,,,,,,,,,,,,,,,,,,,,,,,,,,,,,,,,,,,,,,,,,,,,,,,,,,,,,,,,,,,,,,,,,,,,,,,,,,,,,2 - They should be used only if they help the borrower secure a loan.,,Yes,25 - 34,Male,Master's degree,North America,Technology or IT,4 - Slightly Agree,4 - Slightly Agree,4 - Slightly Agree,4 - Slightly Agree,4 - Slightly Agree,4 - Slightly Agree,4 - Slightly Agree,4 - Slightly Agree,5 - Strongly Agree,5 - Strongly Agree,5 - Strongly Agree,5 - Strongly Agree,5 - Strongly Agree,5 - Strongly Agree,5 - Strongly Agree,5 - Strongly Agree,4 - Slightly Agree,4 - Slightly Agree,4 - Slightly Agree,4 - Slightly Agree,4 - Slightly Agree,4 - Slightly Agree,4 - Slightly Agree,4 - Slightly Agree,4 - Slightly Agree,4 - Slightly Agree,4 - Slightly Agree,4 - Slightly Agree,4 - Slightly Agree,4 - Slightly Agree,4 - Slightly Agree,4 - Slightly Agree,No,,,,,,,,,,,,,,,,,,,,,,,,,,,,,,,,,,5 - Strongly Agree,5 - Strongly Agree,5 - Strongly Agree,5 - Strongly Agree,5 - Strongly Agree,5 - Strongly Agree,5 - Strongly Agree,5 - Strongly Agree,5 - Strongly Agree,5 - Strongly Agree,5 - Strongly Agree,5 - Strongly Agree,5 - Strongly Agree,5 - Strongly Agree,5 - Strongly Agree,5 - Strongly Agree,4 - Slightly Agree,4 - Slightly Agree,4 - Slightly Agree,4 - Slightly Agree,4 - Slightly Agree,3 - Neutral,3 - Neutral,3 - Neutral,4 - Slightly Agree,4 - Slightly Agree,4 - Slightly Agree,4 - Slightly Agree,4 - Slightly Agree,4 - Slightly Agree,4 - Slightly Agree,4 - Slightly Agree,Yes
2025-08-30 07:09:55,2025-08-30 11:47:27,IP Address,99.251.207.135,100,16652,True,2025-08-30 11:47:28,R_7mPjDjt4AcucaCO,,,,,43.474,-80.554,anonymous,EN,1,,Yes,No,,,,,,,,,,,,,,,,,,,,,,,,,,,,,,,,,,,,,,,,,,,,,,,,,,,,,,,,,,,,,,,,,,,,,,,,,,,,,,,,,,,,,,,,,,,,,,,,,,,,"3 - They should be used, no matter if they help the borrower or not.","If the features discussed in the evaluation are literally all the features used to make a prediction, then it would be nice to have precise numeric values associated to each feature so that the end user have a clear understanding on why his approval change is 59%. Ex: your approval chanca has decreased by 60% by your credit score, then increased by 20% due to your network then....(and so on..)As a result, your total approval change came to 59%. If the features discussed are just a subset of overall features, and entire feature set can't be discussed due to whatever reason, then , nevermind. Libraries like Shap can significantly help in explaining NN models.",Yes,35 - 44,Male,Master's degree,North America,Technology or IT,4 - Slightly Agree,4 - Slightly Agree,5 - Strongly Agree,5 - Strongly Agree,4 - Slightly Agree,5 - Strongly Agree,5 - Strongly Agree,5 - Strongly Agree,5 - Strongly Agree,5 - Strongly Agree,5 - Strongly Agree,5 - Strongly Agree,5 - Strongly Agree,5 - Strongly Agree,5 - Strongly Agree,5 - Strongly Agree,5 - Strongly Agree,5 - Strongly Agree,5 - Strongly Agree,5 - Strongly Agree,5 - Strongly Agree,5 - Strongly Agree,5 - Strongly Agree,5 - Strongly Agree,5 - Strongly Agree,5 - Strongly Agree,5 - Strongly Agree,5 - Strongly Agree,5 - Strongly Agree,5 - Strongly Agree,5 - Strongly Agree,5 - Strongly Agree,,3 - Neutral,2 - Slightly Disagree,4 - Slightly Agree,2 - Slightly Disagree,2 - Slightly Disagree,2 - Slightly Disagree,3 - Neutral,2 - Slightly Disagree,4 - Slightly Agree,4 - Slightly Agree,4 - Slightly Agree,4 - Slightly Agree,4 - Slightly Agree,4 - Slightly Agree,4 - Slightly Agree,4 - Slightly Agree,5 - Strongly Agree,5 - Strongly Agree,5 - Strongly Agree,5 - Strongly Agree,5 - Strongly Agree,5 - Strongly Agree,5 - Strongly Agree,5 - Strongly Agree,5 - Strongly Agree,1 - Strongly Disagree,1 - Strongly Disagree,1 - Strongly Disagree,1 - Strongly Disagree,1 - Strongly Disagree,1 - Strongly Disagree,1 - Strongly Disagree,Yes,4 - Slightly Agree,4 - Slightly Agree,5 - Strongly Agree,4 - Slightly Agree,4 - Slightly Agree,5 - Strongly Agree,4 - Slightly Agree,4 - Slightly Agree,5 - Strongly Agree,5 - Strongly Agree,5 - Strongly Agree,5 - Strongly Agree,5 - Strongly Agree,5 - Strongly Agree,5 - Strongly Agree,5 - Strongly Agree,5 - Strongly Agree,5 - Strongly Agree,5 - Strongly Agree,5 - Strongly Agree,5 - Strongly Agree,5 - Strongly Agree,5 - Strongly Agree,5 - Strongly Agree,5 - Strongly Agree,2 - Slightly Disagree,2 - Slightly Disagree,2 - Slightly Disagree,2 - Slightly Disagree,2 - Slightly Disagree,5 - Strongly Agree,2 - Slightly Disagree,Yes
2025-08-30 14:13:12,2025-08-30 14:20:51,IP Address,99.242.85.132,100,458,True,2025-08-30 14:20:51,R_57jLibb0WqItFMG,,,,,43.0147,-81.3049,qr,EN,0.8999999761581421,,Yes,No,,,,,,,,,,,,,,,,,,,,,,,,,,,,,,,,,,,,,,,,,,,,,,,,,,,,,,,,,,,,,,,,,,,,,,,,,,,,,,,,,,,,,,,,,,,,,,,,,,,,4 - I am not sure / I don't know.,,No,,,,,,3 - Neutral,4 - Slightly Agree,5 - Strongly Agree,4 - Slightly Agree,4 - Slightly Agree,4 - Slightly Agree,4 - Slightly Agree,4 - Slightly Agree,4 - Slightly Agree,5 - Strongly Agree,4 - Slightly Agree,4 - Slightly Agree,4 - Slightly Agree,4 - Slightly Agree,4 - Slightly Agree,4 - Slightly Agree,5 - Strongly Agree,5 - Strongly Agree,5 - Strongly Agree,4 - Slightly Agree,5 - Strongly Agree,5 - Strongly Agree,5 - Strongly Agree,4 - Slightly Agree,4 - Slightly Agree,4 - Slightly Agree,5 - Strongly Agree,4 - Slightly Agree,3 - Neutral,4 - Slightly Agree,4 - Slightly Agree,4 - Slightly Agree,No,,,,,,,,,,,,,,,,,,,,,,,,,,,,,,,,,,,,,,,,,,,,,,,,,,,,,,,,,,,,,,,,,,
2025-08-30 20:13:40,2025-08-30 22:42:28,IP Address,99.243.60.73,100,8928,True,2025-08-30 22:42:29,R_606PKA8nI6Sq3qg,,,,,43.6922,-79.4309,qr,EN,1,,Yes,No,,,,,,,,,,,,,,,,,,,,,,,,,,,,,,,,,,,,,,,,,,,,,,,,,,,,,,,,,,,,,,,,,,,,,,,,,,,,,,,,,,,,,,,,,,,,,,,,,,,,1 - They should never be used.,,No,,,,,,3 - Neutral,4 - Slightly Agree,3 - Neutral,3 - Neutral,3 - Neutral,3 - Neutral,3 - Neutral,3 - Neutral,3 - Neutral,3 - Neutral,3 - Neutral,3 - Neutral,3 - Neutral,3 - Neutral,3 - Neutral,3 - Neutral,3 - Neutral,3 - Neutral,3 - Neutral,3 - Neutral,3 - Neutral,3 - Neutral,3 - Neutral,3 - Neutral,3 - Neutral,3 - Neutral,3 - Neutral,3 - Neutral,3 - Neutral,3 - Neutral,3 - Neutral,3 - Neutral,No,,,,,,,,,,,,,,,,,,,,,,,,,,,,,,,,,,,,,,,,,,,,,,,,,,,,,,,,,,,,,,,,,,
2025-08-31 14:24:42,2025-08-31 14:39:10,IP Address,72.143.201.157,100,868,True,2025-08-31 14:39:11,R_3aaZaGWNf1M9DlF,,,,,43.6934,-79.4857,anonymous,EN,1,,Yes,Yes,4 - Slightly Agree,5 - Strongly Agree,5 - Strongly Agree,4 - Slightly Agree,5 - Strongly Agree,4 - Slightly Agree,5 - Strongly Agree,4 - Slightly Agree,5 - Strongly Agree,5 - Strongly Agree,5 - Strongly Agree,5 - Strongly Agree,5 - Strongly Agree,4 - Slightly Agree,5 - Strongly Agree,5 - Strongly Agree,5 - Strongly Agree,5 - Strongly Agree,5 - Strongly Agree,4 - Slightly Agree,5 - Strongly Agree,4 - Slightly Agree,5 - Strongly Agree,3 - Neutral,5 - Strongly Agree,5 - Strongly Agree,5 - Strongly Agree,4 - Slightly Agree,5 - Strongly Agree,4 - Slightly Agree,5 - Strongly Agree,3 - Neutral,No,,,,,,,,,,,,,,,,,,,,,,,,,,,,,,,,,,,,,,,,,,,,,,,,,,,,,,,,,,,,,,,,,,,1 - They should never be used.,,Yes,25 - 34,Male,Master's degree,North America,Finance or Banking,,,,,,,,,,,,,,,,,,,,,,,,,,,,,,,,,,,,,,,,,,,,,,,,,,,,,,,,,,,,,,,,,,,,,,,,,,,,,,,,,,,,,,,,,,,,,,,,,,,
2025-08-31 14:24:35,2025-08-31 14:41:52,IP Address,72.143.200.113,100,1036,True,2025-08-31 14:41:52,R_7D2logdlMNrguDn,,,,,43.6934,-79.4857,anonymous,EN,1,,Yes,No,,,,,,,,,,,,,,,,,,,,,,,,,,,,,,,,,,,,,,,,,,,,,,,,,,,,,,,,,,,,,,,,,,,,,,,,,,,,,,,,,,,,,,,,,,,,,,,,,,,,1 - They should never be used.,,No,,,,,,,,,,,,,,,,,,,,,,,,,,,,,,,,,,,,,,,2 - Slightly Disagree,3 - Neutral,5 - Strongly Agree,4 - Slightly Agree,4 - Slightly Agree,4 - Slightly Agree,2 - Slightly Disagree,2 - Slightly Disagree,5 - Strongly Agree,4 - Slightly Agree,5 - Strongly Agree,5 - Strongly Agree,5 - Strongly Agree,5 - Strongly Agree,5 - Strongly Agree,5 - Strongly Agree,4 - Slightly Agree,4 - Slightly Agree,4 - Slightly Agree,5 - Strongly Agree,4 - Slightly Agree,5 - Strongly Agree,5 - Strongly Agree,4 - Slightly Agree,4 - Slightly Agree,4 - Slightly Agree,4 - Slightly Agree,5 - Strongly Agree,5 - Strongly Agree,4 - Slightly Agree,5 - Strongly Agree,4 - Slightly Agree,No,,,,,,,,,,,,,,,,,,,,,,,,,,,,,,,,,
2025-08-31 16:21:15,2025-08-31 16:29:32,IP Address,129.100.255.34,100,497,True,2025-08-31 16:29:33,R_3feNgpySuoOeEaR,,,,,43.0147,-81.3049,qr,EN,0.8999999761581421,,Yes,No,,,,,,,,,,,,,,,,,,,,,,,,,,,,,,,,,,,,,,,,,,,,,,,,,,,,,,,,,,,,,,,,,,,,,,,,,,,,,,,,,,,,,,,,,,,,,,,,,,,,"3 - They should be used, no matter if they help the borrower or not.",,Yes,18 - 24,Male,High school diploma or equivalent,North America,Student,,,,,,,,,,,,,,,,,,,,,,,,,,,,,,,,,,4 - Slightly Agree,5 - Strongly Agree,5 - Strongly Agree,2 - Slightly Disagree,3 - Neutral,5 - Strongly Agree,4 - Slightly Agree,4 - Slightly Agree,5 - Strongly Agree,5 - Strongly Agree,4 - Slightly Agree,4 - Slightly Agree,4 - Slightly Agree,5 - Strongly Agree,5 - Strongly Agree,4 - Slightly Agree,4 - Slightly Agree,3 - Neutral,4 - Slightly Agree,4 - Slightly Agree,3 - Neutral,4 - Slightly Agree,4 - Slightly Agree,3 - Neutral,5 - Strongly Agree,4 - Slightly Agree,4 - Slightly Agree,4 - Slightly Agree,5 - Strongly Agree,5 - Strongly Agree,5 - Strongly Agree,4 - Slightly Agree,No,,,,,,,,,,,,,,,,,,,,,,,,,,,,,,,,,
2025-08-31 16:59:11,2025-08-31 17:19:58,IP Address,67.69.69.112,100,1246,True,2025-08-31 17:19:58,R_3l3LrnhslA9Roth,,,,,43.4389,-80.2649,qr,EN,0.8999999761581421,,Yes,No,,,,,,,,,,,,,,,,,,,,,,,,,,,,,,,,,,,,,,,,,,,,,,,,,,,,,,,,,,,,,,,,,,,,,,,,,,,,,,,,,,,,,,,,,,,,,,,,,,,,"3 - They should be used, no matter if they help the borrower or not.","The credit risk variable explanation could support on the probability of securing the loan a bit strongly. ",Yes,18 - 24,Male,High school diploma or equivalent,North America,Student,5 - Strongly Agree,5 - Strongly Agree,5 - Strongly Agree,4 - Slightly Agree,4 - Slightly Agree,5 - Strongly Agree,5 - Strongly Agree,5 - Strongly Agree,5 - Strongly Agree,5 - Strongly Agree,4 - Slightly Agree,4 - Slightly Agree,4 - Slightly Agree,4 - Slightly Agree,5 - Strongly Agree,5 - Strongly Agree,5 - Strongly Agree,4 - Slightly Agree,5 - Strongly Agree,4 - Slightly Agree,4 - Slightly Agree,5 - Strongly Agree,5 - Strongly Agree,5 - Strongly Agree,5 - Strongly Agree,4 - Slightly Agree,5 - Strongly Agree,5 - Strongly Agree,4 - Slightly Agree,4 - Slightly Agree,5 - Strongly Agree,5 - Strongly Agree,Yes,5 - Strongly Agree,5 - Strongly Agree,4 - Slightly Agree,4 - Slightly Agree,4 - Slightly Agree,5 - Strongly Agree,5 - Strongly Agree,5 - Strongly Agree,5 - Strongly Agree,5 - Strongly Agree,4 - Slightly Agree,4 - Slightly Agree,4 - Slightly Agree,4 - Slightly Agree,5 - Strongly Agree,4 - Slightly Agree,5 - Strongly Agree,5 - Strongly Agree,5 - Strongly Agree,5 - Strongly Agree,5 - Strongly Agree,5 - Strongly Agree,5 - Strongly Agree,5 - Strongly Agree,5 - Strongly Agree,4 - Slightly Agree,4 - Slightly Agree,4 - Slightly Agree,4 - Slightly Agree,4 - Slightly Agree,5 - Strongly Agree,4 - Slightly Agree,No,,,,,,,,,,,,,,,,,,,,,,,,,,,,,,,,,
2025-09-01 13:56:08,2025-09-01 14:17:25,IP Address,129.100.255.23,100,1276,True,2025-09-01 14:17:25,R_3Iph8e27MQOSVFe,,,,,43.0147,-81.3049,anonymous,EN,1,,Yes,Yes,4 - Slightly Agree,2 - Slightly Disagree,2 - Slightly Disagree,2 - Slightly Disagree,2 - Slightly Disagree,2 - Slightly Disagree,3 - Neutral,3 - Neutral,4 - Slightly Agree,2 - Slightly Disagree,2 - Slightly Disagree,2 - Slightly Disagree,2 - Slightly Disagree,2 - Slightly Disagree,3 - Neutral,2 - Slightly Disagree,3 - Neutral,2 - Slightly Disagree,1 - Strongly Disagree,2 - Slightly Disagree,2 - Slightly Disagree,2 - Slightly Disagree,3 - Neutral,2 - Slightly Disagree,4 - Slightly Agree,2 - Slightly Disagree,2 - Slightly Disagree,2 - Slightly Disagree,2 - Slightly Disagree,2 - Slightly Disagree,2 - Slightly Disagree,2 - Slightly Disagree,,4 - Slightly Agree,3 - Neutral,2 - Slightly Disagree,2 - Slightly Disagree,3 - Neutral,2 - Slightly Disagree,4 - Slightly Agree,3 - Neutral,4 - Slightly Agree,2 - Slightly Disagree,2 - Slightly Disagree,1 - Strongly Disagree,2 - Slightly Disagree,2 - Slightly Disagree,2 - Slightly Disagree,2 - Slightly Disagree,4 - Slightly Agree,2 - Slightly Disagree,2 - Slightly Disagree,2 - Slightly Disagree,2 - Slightly Disagree,2 - Slightly Disagree,2 - Slightly Disagree,2 - Slightly Disagree,3 - Neutral,2 - Slightly Disagree,2 - Slightly Disagree,2 - Slightly Disagree,2 - Slightly Disagree,2 - Slightly Disagree,2 - Slightly Disagree,2 - Slightly Disagree,Yes,4 - Slightly Agree,3 - Neutral,2 - Slightly Disagree,2 - Slightly Disagree,2 - Slightly Disagree,2 - Slightly Disagree,3 - Neutral,2 - Slightly Disagree,4 - Slightly Agree,2 - Slightly Disagree,2 - Slightly Disagree,2 - Slightly Disagree,2 - Slightly Disagree,2 - Slightly Disagree,4 - Slightly Agree,3 - Neutral,4 - Slightly Agree,3 - Neutral,3 - Neutral,3 - Neutral,2 - Slightly Disagree,2 - Slightly Disagree,4 - Slightly Agree,3 - Neutral,4 - Slightly Agree,2 - Slightly Disagree,2 - Slightly Disagree,2 - Slightly Disagree,2 - Slightly Disagree,2 - Slightly Disagree,4 - Slightly Agree,3 - Neutral,Yes,4 - I am not sure / I don't know.,Need more explanation on network-related variables.,Yes,25 - 34,Male,Master's degree,North America,Prefer not to say,,,,,,,,,,,,,,,,,,,,,,,,,,,,,,,,,,,,,,,,,,,,,,,,,,,,,,,,,,,,,,,,,,,,,,,,,,,,,,,,,,,,,,,,,,,,,,,,,,,
2025-09-01 17:35:53,2025-09-01 17:49:35,IP Address,129.100.255.35,100,821,True,2025-09-01 17:49:35,R_3AEIBm1l7naBiWs,,,,,43.0147,-81.3049,anonymous,EN,0.6000000238418579,,Yes,Yes,5 - Strongly Agree,4 - Slightly Agree,2 - Slightly Disagree,1 - Strongly Disagree,2 - Slightly Disagree,2 - Slightly Disagree,4 - Slightly Agree,4 - Slightly Agree,5 - Strongly Agree,5 - Strongly Agree,5 - Strongly Agree,5 - Strongly Agree,5 - Strongly Agree,5 - Strongly Agree,5 - Strongly Agree,5 - Strongly Agree,5 - Strongly Agree,5 - Strongly Agree,5 - Strongly Agree,5 - Strongly Agree,5 - Strongly Agree,5 - Strongly Agree,5 - Strongly Agree,5 - Strongly Agree,5 - Strongly Agree,5 - Strongly Agree,5 - Strongly Agree,5 - Strongly Agree,5 - Strongly Agree,5 - Strongly Agree,5 - Strongly Agree,5 - Strongly Agree,No,,,,,,,,,,,,,,,,,,,,,,,,,,,,,,,,,,,,,,,,,,,,,,,,,,,,,,,,,,,,,,,,,,,"3 - They should be used, no matter if they help the borrower or not.","The questions that have ""... could be used"" is poorly worded. Anything could be used.",No,,,,,,,,,,,,,,,,,,,,,,,,,,,,,,,,,,,,,,,,,,,,,,,,,,,,,,,,,,,,,,,,,,,,,,,,,,,,,,,,,,,,,,,,,,,,,,,,,,,,,,,,
2025-09-01 20:44:07,2025-09-01 20:49:24,IP Address,72.136.109.181,100,317,True,2025-09-01 20:49:25,R_7IaQIUsmm21YVoR,,,,,43.7692,-79.4949,anonymous,EN,1,,Yes,No,,,,,,,,,,,,,,,,,,,,,,,,,,,,,,,,,,,,,,,,,,,,,,,,,,,,,,,,,,,,,,,,,,,,,,,,,,,,,,,,,,,,,,,,,,,,,,,,,,,,2 - They should be used only if they help the borrower secure a loan.,,Yes,18 - 24,Male,Some college or university,North America,Healthcare,,,,,,,,,,,,,,,,,,,,,,,,,,,,,,,,,,3 - Neutral,4 - Slightly Agree,4 - Slightly Agree,4 - Slightly Agree,4 - Slightly Agree,4 - Slightly Agree,4 - Slightly Agree,4 - Slightly Agree,3 - Neutral,4 - Slightly Agree,4 - Slightly Agree,4 - Slightly Agree,4 - Slightly Agree,4 - Slightly Agree,4 - Slightly Agree,4 - Slightly Agree,3 - Neutral,4 - Slightly Agree,4 - Slightly Agree,4 - Slightly Agree,4 - Slightly Agree,4 - Slightly Agree,4 - Slightly Agree,4 - Slightly Agree,3 - Neutral,4 - Slightly Agree,4 - Slightly Agree,4 - Slightly Agree,4 - Slightly Agree,4 - Slightly Agree,4 - Slightly Agree,4 - Slightly Agree,No,3 - Neutral,4 - Slightly Agree,4 - Slightly Agree,4 - Slightly Agree,4 - Slightly Agree,4 - Slightly Agree,4 - Slightly Agree,4 - Slightly Agree,3 - Neutral,4 - Slightly Agree,4 - Slightly Agree,4 - Slightly Agree,4 - Slightly Agree,4 - Slightly Agree,4 - Slightly Agree,4 - Slightly Agree,3 - Neutral,4 - Slightly Agree,4 - Slightly Agree,4 - Slightly Agree,4 - Slightly Agree,4 - Slightly Agree,4 - Slightly Agree,4 - Slightly Agree,3 - Neutral,4 - Slightly Agree,4 - Slightly Agree,4 - Slightly Agree,4 - Slightly Agree,4 - Slightly Agree,4 - Slightly Agree,4 - Slightly Agree,Yes
2025-08-26 11:31:45,2025-08-26 11:32:24,IP Address,5.61.122.206,5,38,False,2025-09-02 11:32:29,R_2Tmtr6x0AEiz3mF,,,,,53.7457,-2.477,qr,EN,0.8999999761581421,,Yes,Yes,,,,,,,,,,,,,,,,,,,,,,,,,,,,,,,,,,,,,,,,,,,,,,,,,,,,,,,,,,,,,,,,,,,,,,,,,,,,,,,,,,,,,,,,,,,,,,,,,,,,,,,,,,,,,,,,,,,,,,,,,,,,,,,,,,,,,,,,,,,,,,,,,,,,,,,,,,,,,,,,,,,,,,,,,,,,,,,,,,,,,,,,,,,,,,,,,,,,,,,,,,,,,,
2025-09-02 11:38:58,2025-09-02 11:48:03,IP Address,129.100.255.33,100,544,True,2025-09-02 11:48:04,R_147vnKzYmdSTSKL,,,,,43.0147,-81.3049,qr,EN,1,,Yes,No,,,,,,,,,,,,,,,,,,,,,,,,,,,,,,,,,,,,,,,,,,,,,,,,,,,,,,,,,,,,,,,,,,,,,,,,,,,,,,,,,,,,,,,,,,,,,,,,,,,,2 - They should be used only if they help the borrower secure a loan.,,Yes,18 - 24,Male,High school diploma or equivalent,North America,Student,5 - Strongly Agree,5 - Strongly Agree,4 - Slightly Agree,5 - Strongly Agree,5 - Strongly Agree,5 - Strongly Agree,5 - Strongly Agree,5 - Strongly Agree,5 - Strongly Agree,3 - Neutral,4 - Slightly Agree,4 - Slightly Agree,3 - Neutral,3 - Neutral,5 - Strongly Agree,5 - Strongly Agree,3 - Neutral,3 - Neutral,3 - Neutral,2 - Slightly Disagree,2 - Slightly Disagree,2 - Slightly Disagree,4 - Slightly Agree,2 - Slightly Disagree,4 - Slightly Agree,4 - Slightly Agree,2 - Slightly Disagree,3 - Neutral,4 - Slightly Agree,2 - Slightly Disagree,5 - Strongly Agree,2 - Slightly Disagree,No,,,,,,,,,,,,,,,,,,,,,,,,,,,,,,,,,,,,,,,,,,,,,,,,,,,,,,,,,,,,,,,,,,
2025-08-26 11:31:52,2025-08-26 11:51:07,IP Address,5.61.122.206,4,1155,False,2025-09-02 11:51:12,R_2OlthK8LzUs7BIn,,,,,53.7457,-2.477,qr,EN,0.800000011920929,,Yes,Yes,,,,,,,,,,,,,,,,,,,,,,,,,,,,,,,,,,,,,,,,,,,,,,,,,,,,,,,,,,,,,,,,,,,,,,,,,,,,,,,,,,,,,,,,,,,,,,,,,,,,,,,,,,,,,,,,,,,,,,,,,,,,,,,,,,,,,,,,,,,,,,,,,,,,,,,,,,,,,,,,,,,,,,,,,,,,,,,,,,,,,,,,,,,,,,,,,,,,,,,,,,,,,,
2025-09-02 11:55:47,2025-09-02 12:01:29,IP Address,129.100.255.21,100,342,True,2025-09-02 12:01:30,R_6cwOYx7XKRDraAt,,,,,43.0147,-81.3049,qr,EN,0.8999999761581421,,Yes,No,,,,,,,,,,,,,,,,,,,,,,,,,,,,,,,,,,,,,,,,,,,,,,,,,,,,,,,,,,,,,,,,,,,,,,,,,,,,,,,,,,,,,,,,,,,,,,,,,,,,2 - They should be used only if they help the borrower secure a loan.,,Yes,25 - 34,Male,Master's degree,North America,Research / Academia,5 - Strongly Agree,3 - Neutral,4 - Slightly Agree,4 - Slightly Agree,4 - Slightly Agree,4 - Slightly Agree,4 - Slightly Agree,3 - Neutral,5 - Strongly Agree,4 - Slightly Agree,4 - Slightly Agree,4 - Slightly Agree,4 - Slightly Agree,3 - Neutral,3 - Neutral,4 - Slightly Agree,5 - Strongly Agree,4 - Slightly Agree,4 - Slightly Agree,3 - Neutral,4 - Slightly Agree,3 - Neutral,3 - Neutral,3 - Neutral,5 - Strongly Agree,4 - Slightly Agree,4 - Slightly Agree,4 - Slightly Agree,3 - Neutral,3 - Neutral,3 - Neutral,3 - Neutral,No,,,,,,,,,,,,,,,,,,,,,,,,,,,,,,,,,,,,,,,,,,,,,,,,,,,,,,,,,,,,,,,,,,
2025-09-02 11:58:35,2025-09-02 12:05:17,IP Address,129.100.255.83,100,401,True,2025-09-02 12:05:17,R_1GWDkIkX1GzLjlp,,,,,43.0147,-81.3049,qr,EN,1,,Yes,Yes,,,,,,,,,,,,,,,,,,,,,,,,,,,,,,,,,,2 - Slightly Disagree,2 - Slightly Disagree,2 - Slightly Disagree,1 - Strongly Disagree,2 - Slightly Disagree,2 - Slightly Disagree,3 - Neutral,2 - Slightly Disagree,2 - Slightly Disagree,2 - Slightly Disagree,1 - Strongly Disagree,1 - Strongly Disagree,1 - Strongly Disagree,1 - Strongly Disagree,1 - Strongly Disagree,1 - Strongly Disagree,1 - Strongly Disagree,1 - Strongly Disagree,1 - Strongly Disagree,1 - Strongly Disagree,1 - Strongly Disagree,1 - Strongly Disagree,1 - Strongly Disagree,1 - Strongly Disagree,1 - Strongly Disagree,1 - Strongly Disagree,1 - Strongly Disagree,1 - Strongly Disagree,1 - Strongly Disagree,1 - Strongly Disagree,1 - Strongly Disagree,1 - Strongly Disagree,No,,,,,,,,,,,,,,,,,,,,,,,,,,,,,,,,,,"3 - They should be used, no matter if they help the borrower or not.",,No,,,,,,,,,,,,,,,,,,,,,,,,,,,,,,,,,,,,,,,,,,,,,,,,,,,,,,,,,,,,,,,,,,,,,,,,,,,,,,,,,,,,,,,,,,,,,,,,,,,,,,,,
2025-09-02 11:55:53,2025-09-02 12:06:01,IP Address,72.136.106.103,100,607,True,2025-09-02 12:06:02,R_7IxPZ4AWbBkuv29,,,,,43.724,-79.448,qr,EN,1,,Yes,No,,,,,,,,,,,,,,,,,,,,,,,,,,,,,,,,,,,,,,,,,,,,,,,,,,,,,,,,,,,,,,,,,,,,,,,,,,,,,,,,,,,,,,,,,,,,,,,,,,,,2 - They should be used only if they help the borrower secure a loan.,,Yes,18 - 24,Male,Bachelor's degree,East Asia,Student,5 - Strongly Agree,5 - Strongly Agree,4 - Slightly Agree,4 - Slightly Agree,4 - Slightly Agree,5 - Strongly Agree,4 - Slightly Agree,4 - Slightly Agree,5 - Strongly Agree,5 - Strongly Agree,5 - Strongly Agree,4 - Slightly Agree,5 - Strongly Agree,4 - Slightly Agree,5 - Strongly Agree,4 - Slightly Agree,5 - Strongly Agree,5 - Strongly Agree,4 - Slightly Agree,5 - Strongly Agree,4 - Slightly Agree,5 - Strongly Agree,4 - Slightly Agree,4 - Slightly Agree,5 - Strongly Agree,5 - Strongly Agree,5 - Strongly Agree,4 - Slightly Agree,5 - Strongly Agree,4 - Slightly Agree,5 - Strongly Agree,4 - Slightly Agree,No,,,,,,,,,,,,,,,,,,,,,,,,,,,,,,,,,,,,,,,,,,,,,,,,,,,,,,,,,,,,,,,,,,
2025-09-02 14:08:40,2025-09-02 14:20:15,IP Address,72.136.112.184,100,694,True,2025-09-02 14:20:16,R_3mtv6uATM5n2gW5,,,,,43.8503,-79.5128,qr,EN,1,,Yes,Yes,5 - Strongly Agree,5 - Strongly Agree,3 - Neutral,5 - Strongly Agree,4 - Slightly Agree,3 - Neutral,4 - Slightly Agree,4 - Slightly Agree,5 - Strongly Agree,4 - Slightly Agree,2 - Slightly Disagree,5 - Strongly Agree,4 - Slightly Agree,5 - Strongly Agree,4 - Slightly Agree,3 - Neutral,5 - Strongly Agree,4 - Slightly Agree,3 - Neutral,4 - Slightly Agree,3 - Neutral,3 - Neutral,3 - Neutral,2 - Slightly Disagree,5 - Strongly Agree,5 - Strongly Agree,4 - Slightly Agree,4 - Slightly Agree,5 - Strongly Agree,4 - Slightly Agree,5 - Strongly Agree,4 - Slightly Agree,No,,,,,,,,,,,,,,,,,,,,,,,,,,,,,,,,,,,,,,,,,,,,,,,,,,,,,,,,,,,,,,,,,,,"3 - They should be used, no matter if they help the borrower or not.",,Yes,18 - 24,Male,Master's degree,South Asia,Student,,,,,,,,,,,,,,,,,,,,,,,,,,,,,,,,,,,,,,,,,,,,,,,,,,,,,,,,,,,,,,,,,,,,,,,,,,,,,,,,,,,,,,,,,,,,,,,,,,,
2025-09-02 13:59:07,2025-09-02 14:29:41,IP Address,72.136.108.87,100,1834,True,2025-09-02 14:29:41,R_6iKoiniaEPhKQBg,,,,,43.724,-79.448,anonymous,EN,1,,Yes,No,,,,,,,,,,,,,,,,,,,,,,,,,,,,,,,,,,,,,,,,,,,,,,,,,,,,,,,,,,,,,,,,,,,,,,,,,,,,,,,,,,,,,,,,,,,,,,,,,,,,1 - They should never be used.,"If I have been denied a loan, I wouldn't want to know that my address was factored into the decision, since that feels like a judgment based on community circumstances which are out of my control.",Yes,25 - 34,Male,Bachelor's degree,North America,Technology or IT,,,,,,,,,,,,,,,,,,,,,,,,,,,,,,,,,,5 - Strongly Agree,4 - Slightly Agree,5 - Strongly Agree,5 - Strongly Agree,5 - Strongly Agree,5 - Strongly Agree,4 - Slightly Agree,4 - Slightly Agree,5 - Strongly Agree,2 - Slightly Disagree,4 - Slightly Agree,2 - Slightly Disagree,2 - Slightly Disagree,4 - Slightly Agree,4 - Slightly Agree,2 - Slightly Disagree,5 - Strongly Agree,5 - Strongly Agree,5 - Strongly Agree,4 - Slightly Agree,5 - Strongly Agree,4 - Slightly Agree,5 - Strongly Agree,5 - Strongly Agree,5 - Strongly Agree,4 - Slightly Agree,5 - Strongly Agree,4 - Slightly Agree,4 - Slightly Agree,5 - Strongly Agree,4 - Slightly Agree,4 - Slightly Agree,Yes,5 - Strongly Agree,4 - Slightly Agree,5 - Strongly Agree,5 - Strongly Agree,5 - Strongly Agree,5 - Strongly Agree,5 - Strongly Agree,4 - Slightly Agree,5 - Strongly Agree,4 - Slightly Agree,5 - Strongly Agree,4 - Slightly Agree,4 - Slightly Agree,4 - Slightly Agree,4 - Slightly Agree,4 - Slightly Agree,4 - Slightly Agree,4 - Slightly Agree,4 - Slightly Agree,3 - Neutral,3 - Neutral,4 - Slightly Agree,4 - Slightly Agree,3 - Neutral,5 - Strongly Agree,4 - Slightly Agree,5 - Strongly Agree,4 - Slightly Agree,5 - Strongly Agree,4 - Slightly Agree,4 - Slightly Agree,4 - Slightly Agree,No
2025-09-02 14:24:31,2025-09-02 14:40:09,IP Address,129.100.255.81,100,938,True,2025-09-02 14:40:10,R_1ghFuUz91t9zP0K,,,,,43.0147,-81.3049,qr,EN,1,,Yes,Yes,5 - Strongly Agree,4 - Slightly Agree,4 - Slightly Agree,3 - Neutral,5 - Strongly Agree,4 - Slightly Agree,5 - Strongly Agree,3 - Neutral,5 - Strongly Agree,5 - Strongly Agree,5 - Strongly Agree,5 - Strongly Agree,5 - Strongly Agree,4 - Slightly Agree,5 - Strongly Agree,3 - Neutral,5 - Strongly Agree,4 - Slightly Agree,4 - Slightly Agree,4 - Slightly Agree,5 - Strongly Agree,4 - Slightly Agree,5 - Strongly Agree,2 - Slightly Disagree,5 - Strongly Agree,4 - Slightly Agree,5 - Strongly Agree,5 - Strongly Agree,5 - Strongly Agree,4 - Slightly Agree,5 - Strongly Agree,3 - Neutral,No,,,,,,,,,,,,,,,,,,,,,,,,,,,,,,,,,,,,,,,,,,,,,,,,,,,,,,,,,,,,,,,,,,,2 - They should be used only if they help the borrower secure a loan.,"Regarding the area variable. If the applicant is in a bad area, will this kind of explanation reduce the chance for them to get the loan? if so, would it be bias towards them? People shouldn’t be judged based on their environment.",Yes,18 - 24,Female,Bachelor's degree,North America,Student,,,,,,,,,,,,,,,,,,,,,,,,,,,,,,,,,,,,,,,,,,,,,,,,,,,,,,,,,,,,,,,,,,,,,,,,,,,,,,,,,,,,,,,,,,,,,,,,,,,
2025-09-02 14:41:34,2025-09-02 14:42:14,IP Address,129.100.255.26,100,40,True,2025-09-02 14:42:15,R_3p4qS1BaWTr28K6,,,,,43.0147,-81.3049,anonymous,EN,0.8999999761581421,,No,,,,,,,,,,,,,,,,,,,,,,,,,,,,,,,,,,,,,,,,,,,,,,,,,,,,,,,,,,,,,,,,,,,,,,,,,,,,,,,,,,,,,,,,,,,,,,,,,,,,,,,,,,,,,,,,,,,,,,,,,,,,,,,,,,,,,,,,,,,,,,,,,,,,,,,,,,,,,,,,,,,,,,,,,,,,,,,,,,,,,,,,,,,,,,,,,,,,,,,,,,,,,,,
2025-09-02 15:23:19,2025-09-02 15:48:40,IP Address,129.100.255.22,100,1520,True,2025-09-02 15:48:40,R_1sdUDEJauBmJO0b,,,,,43.0147,-81.3049,anonymous,EN,1,,Yes,No,,,,,,,,,,,,,,,,,,,,,,,,,,,,,,,,,,,,,,,,,,,,,,,,,,,,,,,,,,,,,,,,,,,,,,,,,,,,,,,,,,,,,,,,,,,,,,,,,,,,"3 - They should be used, no matter if they help the borrower or not.",,Yes,18 - 24,Female,High school diploma or equivalent,Southeast Asia,Student,5 - Strongly Agree,Unsure/Prefer not to answer,5 - Strongly Agree,Unsure/Prefer not to answer,Unsure/Prefer not to answer,5 - Strongly Agree,5 - Strongly Agree,Unsure/Prefer not to answer,5 - Strongly Agree,Unsure/Prefer not to answer,5 - Strongly Agree,3 - Neutral,Unsure/Prefer not to answer,5 - Strongly Agree,5 - Strongly Agree,Unsure/Prefer not to answer,5 - Strongly Agree,Unsure/Prefer not to answer,5 - Strongly Agree,3 - Neutral,5 - Strongly Agree,5 - Strongly Agree,5 - Strongly Agree,Unsure/Prefer not to answer,5 - Strongly Agree,Unsure/Prefer not to answer,5 - Strongly Agree,3 - Neutral,Unsure/Prefer not to answer,5 - Strongly Agree,5 - Strongly Agree,Unsure/Prefer not to answer,,4 - Slightly Agree,Unsure/Prefer not to answer,5 - Strongly Agree,Unsure/Prefer not to answer,Unsure/Prefer not to answer,5 - Strongly Agree,3 - Neutral,3 - Neutral,5 - Strongly Agree,Unsure/Prefer not to answer,5 - Strongly Agree,4 - Slightly Agree,Unsure/Prefer not to answer,5 - Strongly Agree,5 - Strongly Agree,3 - Neutral,5 - Strongly Agree,Unsure/Prefer not to answer,5 - Strongly Agree,3 - Neutral,Unsure/Prefer not to answer,5 - Strongly Agree,5 - Strongly Agree,Unsure/Prefer not to answer,5 - Strongly Agree,Unsure/Prefer not to answer,5 - Strongly Agree,3 - Neutral,3 - Neutral,5 - Strongly Agree,5 - Strongly Agree,4 - Slightly Agree,Yes,5 - Strongly Agree,Unsure/Prefer not to answer,5 - Strongly Agree,3 - Neutral,Unsure/Prefer not to answer,5 - Strongly Agree,5 - Strongly Agree,3 - Neutral,5 - Strongly Agree,Unsure/Prefer not to answer,5 - Strongly Agree,Unsure/Prefer not to answer,Unsure/Prefer not to answer,5 - Strongly Agree,5 - Strongly Agree,3 - Neutral,5 - Strongly Agree,Unsure/Prefer not to answer,5 - Strongly Agree,Unsure/Prefer not to answer,Unsure/Prefer not to answer,5 - Strongly Agree,5 - Strongly Agree,3 - Neutral,5 - Strongly Agree,Unsure/Prefer not to answer,5 - Strongly Agree,Unsure/Prefer not to answer,Unsure/Prefer not to answer,5 - Strongly Agree,5 - Strongly Agree,3 - Neutral,Yes
2025-09-03 07:29:12,2025-09-03 07:41:34,IP Address,129.100.255.81,100,742,True,2025-09-03 07:41:35,R_30IfzzDpHUHSUGK,,,,,43.0147,-81.3049,anonymous,EN,1,,Yes,No,,,,,,,,,,,,,,,,,,,,,,,,,,,,,,,,,,,,,,,,,,,,,,,,,,,,,,,,,,,,,,,,,,,,,,,,,,,,,,,,,,,,,,,,,,,,,,,,,,,,"3 - They should be used, no matter if they help the borrower or not.",,No,,,,,,,,,,,,,,,,,,,,,,,,,,,,,,,,,,,,,,,,,,,,,,,,,,,,,,,,,,,,,,,,,,,,,,,,5 - Strongly Agree,Unsure/Prefer not to answer,4 - Slightly Agree,5 - Strongly Agree,4 - Slightly Agree,4 - Slightly Agree,5 - Strongly Agree,4 - Slightly Agree,5 - Strongly Agree,5 - Strongly Agree,5 - Strongly Agree,5 - Strongly Agree,5 - Strongly Agree,5 - Strongly Agree,5 - Strongly Agree,5 - Strongly Agree,5 - Strongly Agree,5 - Strongly Agree,4 - Slightly Agree,5 - Strongly Agree,5 - Strongly Agree,5 - Strongly Agree,5 - Strongly Agree,5 - Strongly Agree,4 - Slightly Agree,5 - Strongly Agree,5 - Strongly Agree,Unsure/Prefer not to answer,5 - Strongly Agree,5 - Strongly Agree,5 - Strongly Agree,5 - Strongly Agree,No
2025-09-03 07:32:05,2025-09-03 07:51:56,IP Address,64.228.137.44,100,1191,True,2025-09-03 07:51:56,R_6EgrqPcSg2mRRMy,,,,,42.9621,-81.6212,anonymous,EN,1,,Yes,No,,,,,,,,,,,,,,,,,,,,,,,,,,,,,,,,,,,,,,,,,,,,,,,,,,,,,,,,,,,,,,,,,,,,,,,,,,,,,,,,,,,,,,,,,,,,,,,,,,,,"3 - They should be used, no matter if they help the borrower or not.",,Yes,55 - 64,Female,Bachelor's degree,North America,Other,5 - Strongly Agree,4 - Slightly Agree,5 - Strongly Agree,5 - Strongly Agree,5 - Strongly Agree,5 - Strongly Agree,4 - Slightly Agree,5 - Strongly Agree,5 - Strongly Agree,5 - Strongly Agree,5 - Strongly Agree,5 - Strongly Agree,5 - Strongly Agree,5 - Strongly Agree,5 - Strongly Agree,5 - Strongly Agree,5 - Strongly Agree,5 - Strongly Agree,5 - Strongly Agree,5 - Strongly Agree,5 - Strongly Agree,5 - Strongly Agree,5 - Strongly Agree,5 - Strongly Agree,5 - Strongly Agree,5 - Strongly Agree,5 - Strongly Agree,5 - Strongly Agree,5 - Strongly Agree,5 - Strongly Agree,5 - Strongly Agree,5 - Strongly Agree,Yes,,,,,,,,,,,,,,,,,,,,,,,,,,,,,,,,,,5 - Strongly Agree,5 - Strongly Agree,5 - Strongly Agree,5 - Strongly Agree,5 - Strongly Agree,5 - Strongly Agree,5 - Strongly Agree,5 - Strongly Agree,5 - Strongly Agree,5 - Strongly Agree,5 - Strongly Agree,5 - Strongly Agree,5 - Strongly Agree,5 - Strongly Agree,5 - Strongly Agree,5 - Strongly Agree,5 - Strongly Agree,5 - Strongly Agree,5 - Strongly Agree,5 - Strongly Agree,5 - Strongly Agree,5 - Strongly Agree,5 - Strongly Agree,5 - Strongly Agree,5 - Strongly Agree,5 - Strongly Agree,5 - Strongly Agree,5 - Strongly Agree,5 - Strongly Agree,5 - Strongly Agree,5 - Strongly Agree,5 - Strongly Agree,No
2025-08-27 07:00:27,2025-08-27 08:20:39,IP Address,64.228.137.160,5,4811,False,2025-09-03 08:20:43,R_5jr2kx1vNAt6dah,,,,,43.6508,-79.4803,anonymous,EN,1,,Yes,Yes,5 - Strongly Agree,5 - Strongly Agree,4 - Slightly Agree,2 - Slightly Disagree,3 - Neutral,4 - Slightly Agree,4 - Slightly Agree,4 - Slightly Agree,5 - Strongly Agree,4 - Slightly Agree,1 - Strongly Disagree,2 - Slightly Disagree,4 - Slightly Agree,2 - Slightly Disagree,4 - Slightly Agree,4 - Slightly Agree,5 - Strongly Agree,5 - Strongly Agree,5 - Strongly Agree,4 - Slightly Agree,5 - Strongly Agree,5 - Strongly Agree,5 - Strongly Agree,5 - Strongly Agree,5 - Strongly Agree,1 - Strongly Disagree,1 - Strongly Disagree,1 - Strongly Disagree,1 - Strongly Disagree,1 - Strongly Disagree,1 - Strongly Disagree,2 - Slightly Disagree,Yes,,,,,,,,,,,,,,,,,,,,,,,,,,,,,,,,,,,,,,,,,,,,,,,,,,,,,,,,,,,,,,,,,,,,,,,,,,,,,,,,,,,,,,,,,,,,,,,,,,,,,,,,,,,,,,,,,,,,,,,,,,,,,,,,,,,,,,,,,,,,,,,,,,,,,,,,,,,,,,,,,,,,,,,,,,,,,
2025-09-03 08:11:52,2025-09-03 08:30:26,IP Address,129.100.255.22,100,1113,True,2025-09-03 08:30:27,R_10xqNUY5Mk0gGPf,,,,,43.0147,-81.3049,anonymous,EN,1,,Yes,Yes,4 - Slightly Agree,5 - Strongly Agree,5 - Strongly Agree,5 - Strongly Agree,4 - Slightly Agree,5 - Strongly Agree,5 - Strongly Agree,4 - Slightly Agree,5 - Strongly Agree,4 - Slightly Agree,4 - Slightly Agree,4 - Slightly Agree,5 - Strongly Agree,5 - Strongly Agree,5 - Strongly Agree,4 - Slightly Agree,4 - Slightly Agree,4 - Slightly Agree,5 - Strongly Agree,4 - Slightly Agree,4 - Slightly Agree,5 - Strongly Agree,4 - Slightly Agree,4 - Slightly Agree,4 - Slightly Agree,4 - Slightly Agree,4 - Slightly Agree,5 - Strongly Agree,5 - Strongly Agree,5 - Strongly Agree,4 - Slightly Agree,3 - Neutral,,3 - Neutral,4 - Slightly Agree,4 - Slightly Agree,3 - Neutral,4 - Slightly Agree,4 - Slightly Agree,4 - Slightly Agree,3 - Neutral,3 - Neutral,4 - Slightly Agree,4 - Slightly Agree,4 - Slightly Agree,3 - Neutral,4 - Slightly Agree,5 - Strongly Agree,3 - Neutral,4 - Slightly Agree,5 - Strongly Agree,4 - Slightly Agree,4 - Slightly Agree,4 - Slightly Agree,5 - Strongly Agree,4 - Slightly Agree,3 - Neutral,4 - Slightly Agree,5 - Strongly Agree,4 - Slightly Agree,5 - Strongly Agree,5 - Strongly Agree,4 - Slightly Agree,5 - Strongly Agree,4 - Slightly Agree,Yes,4 - Slightly Agree,5 - Strongly Agree,5 - Strongly Agree,5 - Strongly Agree,5 - Strongly Agree,4 - Slightly Agree,3 - Neutral,3 - Neutral,5 - Strongly Agree,4 - Slightly Agree,5 - Strongly Agree,5 - Strongly Agree,5 - Strongly Agree,5 - Strongly Agree,4 - Slightly Agree,5 - Strongly Agree,5 - Strongly Agree,4 - Slightly Agree,4 - Slightly Agree,5 - Strongly Agree,5 - Strongly Agree,5 - Strongly Agree,4 - Slightly Agree,5 - Strongly Agree,3 - Neutral,4 - Slightly Agree,4 - Slightly Agree,2 - Slightly Disagree,4 - Slightly Agree,4 - Slightly Agree,5 - Strongly Agree,3 - Neutral,Yes,4 - I am not sure / I don't know.,"Network variables are a useful way to explain the score to other members of the bank. However, for customers, they may be harder to explain and could even play a negative role if they lower the client’s score.",Yes,25 - 34,Male,Master's degree,North America,Research / Academia,,,,,,,,,,,,,,,,,,,,,,,,,,,,,,,,,,,,,,,,,,,,,,,,,,,,,,,,,,,,,,,,,,,,,,,,,,,,,,,,,,,,,,,,,,,,,,,,,,,
2025-08-26 11:31:41,2025-08-27 09:22:26,IP Address,92.184.112.18,14,78644,False,2025-09-03 09:22:26,R_21hTDTDmXP91CrO,,,,,48.8582,2.3387,qr,EN,1,,Yes,Yes,,,,,,,,,,,,,,,,,,,,,,,,,,,,,,,,,,4 - Slightly Agree,5 - Strongly Agree,4 - Slightly Agree,4 - Slightly Agree,4 - Slightly Agree,5 - Strongly Agree,2 - Slightly Disagree,3 - Neutral,,,,,,,,,,,,,,,,,,,,,,,,,,,,,,,,,,,,,,,,,,,,,,,,,,,,,,,,,,,,,,,,,,,,,,,,,,,,,,,,,,,,,,,,,,,,,,,,,,,,,,,,,,,,,,,,,,,,,,,,,,,,,,,,,,,,,,,,,,,,,,,,,,,,,,,,,,,,,,,,,,,,,
2025-08-27 12:00:45,2025-08-27 12:01:02,IP Address,142.198.52.68,4,17,False,2025-09-03 12:01:03,R_3tObyh6jyFJu8I9,,,,,43.0461,-81.2436,anonymous,EN,1,,Yes,Yes,,,,,,,,,,,,,,,,,,,,,,,,,,,,,,,,,,,,,,,,,,,,,,,,,,,,,,,,,,,,,,,,,,,,,,,,,,,,,,,,,,,,,,,,,,,,,,,,,,,,,,,,,,,,,,,,,,,,,,,,,,,,,,,,,,,,,,,,,,,,,,,,,,,,,,,,,,,,,,,,,,,,,,,,,,,,,,,,,,,,,,,,,,,,,,,,,,,,,,,,,,,,,,
2025-08-27 12:00:21,2025-08-27 12:05:44,IP Address,39.34.152.25,71,322,False,2025-09-03 12:05:44,R_9yj6VIHwvCAdsMi,,,,,24.8591,66.9983,anonymous,EN,0.8999999761581421,,Yes,No,,,,,,,,,,,,,,,,,,,,,,,,,,,,,,,,,,,,,,,,,,,,,,,,,,,,,,,,,,,,,,,,,,,,,,,,,,,,,,,,,,,,,,,,,,,,,,,,,,,,,,,,,,,,,,,,,,,,,,,,,,,,,,,,,,,,,,,,,,,,,,,,,,,,,,,,,,,,,,,,,,,,,,,,,,,,,,2 - Slightly Disagree,4 - Slightly Agree,5 - Strongly Agree,3 - Neutral,3 - Neutral,4 - Slightly Agree,2 - Slightly Disagree,4 - Slightly Agree,2 - Slightly Disagree,4 - Slightly Agree,4 - Slightly Agree,2 - Slightly Disagree,3 - Neutral,4 - Slightly Agree,4 - Slightly Agree,3 - Neutral,,,,,,,,,,,,,,,,,
2025-08-27 12:33:44,2025-08-27 12:35:00,IP Address,103.38.68.2,5,76,False,2025-09-03 12:35:06,R_42KgXphu4n1op30,,,,,19.0748,72.8856,anonymous,EN,1,,Yes,Yes,,,,,,,,,,,,,,,,,,,,,,,,,,,,,,,,,,,,,,,,,,,,,,,,,,,,,,,,,,,,,,,,,,,,,,,,,,,,,,,,,,,,,,,,,,,,,,,,,,,,,,,,,,,,,,,,,,,,,,,,,,,,,,,,,,,,,,,,,,,,,,,,,,,,,,,,,,,,,,,,,,,,,,,,,,,,,,,,,,,,,,,,,,,,,,,,,,,,,,,,,,,,,,
2025-08-27 13:23:22,2025-08-27 13:26:43,IP Address,117.215.166.124,4,201,False,2025-09-03 13:26:49,R_4EH0hCe3vddKof0,,,,,12.9753,77.591,anonymous,EN,0.800000011920929,,Yes,Yes,,,,,,,,,,,,,,,,,,,,,,,,,,,,,,,,,,,,,,,,,,,,,,,,,,,,,,,,,,,,,,,,,,,,,,,,,,,,,,,,,,,,,,,,,,,,,,,,,,,,,,,,,,,,,,,,,,,,,,,,,,,,,,,,,,,,,,,,,,,,,,,,,,,,,,,,,,,,,,,,,,,,,,,,,,,,,,,,,,,,,,,,,,,,,,,,,,,,,,,,,,,,,,
2025-08-27 13:39:50,2025-08-27 13:45:05,IP Address,67.193.247.207,62,315,False,2025-09-03 13:45:10,R_3lPSA3szsxVdLCp,,,,,43.3802,-79.7626,anonymous,EN,1,,Yes,No,,,,,,,,,,,,,,,,,,,,,,,,,,,,,,,,,,,,,,,,,,,,,,,,,,,,,,,,,,,,,,,,,,,,,,,,,,,,,,,,,,,,,,,,,,,,,,,,,,,,,,,,,,,,,,,,,,,,,,,,,,,,,,,,,,,,,,,,,,,,,,,,,,,,,,,,,,,,,,,,,,,,,,,,,,,,,,4 - Slightly Agree,3 - Neutral,3 - Neutral,3 - Neutral,3 - Neutral,4 - Slightly Agree,4 - Slightly Agree,3 - Neutral,,,,,,,,,,,,,,,,,,,,,,,,,
2025-08-27 11:43:21,2025-08-27 13:46:32,IP Address,103.14.125.66,62,7390,False,2025-09-03 13:46:33,R_4N09RD8wUaqkzdv,,,,,21.9974,79.0011,anonymous,EN,1,,Yes,No,,,,,,,,,,,,,,,,,,,,,,,,,,,,,,,,,,,,,,,,,,,,,,,,,,,,,,,,,,,,,,,,,,,,,,,,,,,,,,,,,,,,,,,,,,,,,,,,,,,,,,,,,,,,4 - Slightly Agree,Unsure/Prefer not to answer,5 - Strongly Agree,5 - Strongly Agree,4 - Slightly Agree,5 - Strongly Agree,3 - Neutral,4 - Slightly Agree,4 - Slightly Agree,5 - Strongly Agree,4 - Slightly Agree,3 - Neutral,4 - Slightly Agree,5 - Strongly Agree,3 - Neutral,4 - Slightly Agree,,,,,,,,,,,,,,,,,,4 - Slightly Agree,5 - Strongly Agree,4 - Slightly Agree,3 - Neutral,5 - Strongly Agree,4 - Slightly Agree,4 - Slightly Agree,4 - Slightly Agree,4 - Slightly Agree,5 - Strongly Agree,4 - Slightly Agree,3 - Neutral,4 - Slightly Agree,5 - Strongly Agree,3 - Neutral,4 - Slightly Agree,4 - Slightly Agree,4 - Slightly Agree,4 - Slightly Agree,4 - Slightly Agree,4 - Slightly Agree,4 - Slightly Agree,4 - Slightly Agree,5 - Strongly Agree,5 - Strongly Agree,5 - Strongly Agree,5 - Strongly Agree,5 - Strongly Agree,5 - Strongly Agree,5 - Strongly Agree,5 - Strongly Agree,5 - Strongly Agree,Yes,4 - Slightly Agree,3 - Neutral,4 - Slightly Agree,5 - Strongly Agree,4 - Slightly Agree,4 - Slightly Agree,3 - Neutral,5 - Strongly Agree,4 - Slightly Agree,5 - Strongly Agree,3 - Neutral,4 - Slightly Agree,4 - Slightly Agree,5 - Strongly Agree,4 - Slightly Agree,5 - Strongly Agree,4 - Slightly Agree,4 - Slightly Agree,4 - Slightly Agree,3 - Neutral,5 - Strongly Agree,4 - Slightly Agree,5 - Strongly Agree,3 - Neutral,5 - Strongly Agree,3 - Neutral,5 - Strongly Agree,4 - Slightly Agree,5 - Strongly Agree,4 - Slightly Agree,5 - Strongly Agree,4 - Slightly Agree,Yes
2025-08-27 15:09:01,2025-08-27 15:10:29,IP Address,99.228.46.21,62,87,False,2025-09-03 15:10:32,R_7KiMKj0Mj1GW2Bz,,,,,43.8985,-79.4143,anonymous,EN,1,,Yes,No,,,,,,,,,,,,,,,,,,,,,,,,,,,,,,,,,,,,,,,,,,,,,,,,,,,,,,,,,,,,,,,,,,,,,,,,,,,,,,,,,,,,,,,,,,,,,,,,,,,,,,,,,,,,,,,,,,,,,,,,,,,,,,,,,,,,,,,,,,,,,4 - Slightly Agree,4 - Slightly Agree,3 - Neutral,2 - Slightly Disagree,3 - Neutral,3 - Neutral,4 - Slightly Agree,2 - Slightly Disagree,,,,,,,,,,,,,,,,,,,,,,,,,,,,,,,,,,,,,,,,,,,,,,,,,,,,,,,,,,
2025-08-27 15:21:40,2025-08-27 15:23:16,IP Address,75.157.84.115,14,96,False,2025-09-03 15:23:17,R_3QxocGQcMze6WW8,,,,,49.2774,-122.7625,anonymous,EN,1,,Yes,Yes,,,,,,,,,,,,,,,,,,,,,,,,,,,,,,,,,,,,,,,,,,,,,,,,,,,,,,,,,,,,,,,,,,,5 - Strongly Agree,4 - Slightly Agree,4 - Slightly Agree,4 - Slightly Agree,5 - Strongly Agree,5 - Strongly Agree,5 - Strongly Agree,2 - Slightly Disagree,,,,,,,,,,,,,,,,,,,,,,,,,,,,,,,,,,,,,,,,,,,,,,,,,,,,,,,,,,,,,,,,,,,,,,,,,,,,,,,,,,,,,,,,,,,,,,,,,,,,,,,,,,,,,,,,,,,,,,,,,,,,,,,,,,,,
2025-08-27 15:29:05,2025-08-27 15:29:32,IP Address,99.228.40.182,5,26,False,2025-09-03 15:29:39,R_15fOV5SOAFotw6B,,,,,43.8137,-79.4531,anonymous,EN,1,,Yes,Yes,,,,,,,,,,,,,,,,,,,,,,,,,,,,,,,,,,,,,,,,,,,,,,,,,,,,,,,,,,,,,,,,,,,,,,,,,,,,,,,,,,,,,,,,,,,,,,,,,,,,,,,,,,,,,,,,,,,,,,,,,,,,,,,,,,,,,,,,,,,,,,,,,,,,,,,,,,,,,,,,,,,,,,,,,,,,,,,,,,,,,,,,,,,,,,,,,,,,,,,,,,,,,,
2025-08-27 15:48:48,2025-08-27 15:50:41,IP Address,199.7.156.243,62,113,False,2025-09-03 15:50:44,R_33pBFUiZKtvQSVX,,,,,43.7064,-79.5164,anonymous,EN,1,,Yes,No,,,,,,,,,,,,,,,,,,,,,,,,,,,,,,,,,,,,,,,,,,,,,,,,,,,,,,,,,,,,,,,,,,,,,,,,,,,,,,,,,,,,,,,,,,,,,,,,,,,,,,,,,,,,,,,,,,,,,,,,,,,,,,,,,,,,,,,,,,,,,,,,,,,,,,,,,,,,,,,,,,,,,,,,,,,,,,4 - Slightly Agree,3 - Neutral,4 - Slightly Agree,2 - Slightly Disagree,4 - Slightly Agree,5 - Strongly Agree,5 - Strongly Agree,4 - Slightly Agree,,,,,,,,,,,,,,,,,,,,,,,,,
2025-08-27 19:58:44,2025-08-27 19:59:15,IP Address,99.243.254.155,53,31,False,2025-09-03 19:59:17,R_6eWrTExPSGV5HyQ,,,,,43.0129,-81.2346,anonymous,EN,1,,Yes,No,,,,,,,,,,,,,,,,,,,,,,,,,,,,,,,,,,,,,,,,,,,,,,,,,,,,,,,,,,,,,,,,,,,,,,,,,,,,,,,,,,,,,,,,,,,,,,,,,,,,,,,,,,,,,,,,,,,,,,,,,,,,,,,,,,,,,,,,,,,,,,,,,,,,,,,,,,,,,,,,,,,,,,,,,,,,,,,,,,,,,,,,,,,,,,,,,,,,,,,,,,,,,,
2025-08-27 21:13:48,2025-08-27 21:14:08,IP Address,70.29.133.137,53,20,False,2025-09-03 21:14:11,R_3dUUIw9CtvyFgtj,,,,,43.8678,-79.442,anonymous,EN,1,,Yes,No,,,,,,,,,,,,,,,,,,,,,,,,,,,,,,,,,,,,,,,,,,,,,,,,,,,,,,,,,,,,,,,,,,,,,,,,,,,,,,,,,,,,,,,,,,,,,,,,,,,,,,,,,,,,,,,,,,,,,,,,,,,,,,,,,,,,,,,,,,,,,,,,,,,,,,,,,,,,,,,,,,,,,,,,,,,,,,,,,,,,,,,,,,,,,,,,,,,,,,,,,,,,,,
2025-09-04 11:12:33,2025-09-04 11:22:52,IP Address,184.151.37.85,100,619,True,2025-09-04 11:22:53,R_1K59SDmUDKb7nIl,,,,,43.5204,-80.2245,qr,EN,1,,Yes,No,,,,,,,,,,,,,,,,,,,,,,,,,,,,,,,,,,,,,,,,,,,,,,,,,,,,,,,,,,,,,,,,,,,,,,,,,,,,,,,,,,,,,,,,,,,,,,,,,,,,2 - They should be used only if they help the borrower secure a loan.,,Yes,18 - 24,Female,High school diploma or equivalent,Southeast Asia,Student,4 - Slightly Agree,4 - Slightly Agree,5 - Strongly Agree,4 - Slightly Agree,4 - Slightly Agree,5 - Strongly Agree,3 - Neutral,4 - Slightly Agree,4 - Slightly Agree,5 - Strongly Agree,5 - Strongly Agree,4 - Slightly Agree,4 - Slightly Agree,4 - Slightly Agree,5 - Strongly Agree,4 - Slightly Agree,5 - Strongly Agree,4 - Slightly Agree,5 - Strongly Agree,4 - Slightly Agree,5 - Strongly Agree,5 - Strongly Agree,5 - Strongly Agree,4 - Slightly Agree,3 - Neutral,4 - Slightly Agree,5 - Strongly Agree,4 - Slightly Agree,4 - Slightly Agree,4 - Slightly Agree,3 - Neutral,3 - Neutral,No,,,,,,,,,,,,,,,,,,,,,,,,,,,,,,,,,,,,,,,,,,,,,,,,,,,,,,,,,,,,,,,,,,
2025-09-04 11:07:14,2025-09-04 11:36:18,IP Address,99.243.175.117,100,1743,True,2025-09-04 11:36:18,R_5luem6fFDZEl0FZ,,,,,43.0461,-81.2436,anonymous,EN,1,,Yes,Yes,,,,,,,,,,,,,,,,,,,,,,,,,,,,,,,,,,4 - Slightly Agree,3 - Neutral,2 - Slightly Disagree,4 - Slightly Agree,3 - Neutral,4 - Slightly Agree,4 - Slightly Agree,3 - Neutral,3 - Neutral,2 - Slightly Disagree,3 - Neutral,4 - Slightly Agree,4 - Slightly Agree,3 - Neutral,4 - Slightly Agree,4 - Slightly Agree,5 - Strongly Agree,4 - Slightly Agree,4 - Slightly Agree,4 - Slightly Agree,3 - Neutral,3 - Neutral,4 - Slightly Agree,2 - Slightly Disagree,4 - Slightly Agree,4 - Slightly Agree,3 - Neutral,2 - Slightly Disagree,4 - Slightly Agree,3 - Neutral,4 - Slightly Agree,4 - Slightly Agree,No,,,,,,,,,,,,,,,,,,,,,,,,,,,,,,,,,,2 - They should be used only if they help the borrower secure a loan.,,No,,,,,,,,,,,,,,,,,,,,,,,,,,,,,,,,,,,,,,,,,,,,,,,,,,,,,,,,,,,,,,,,,,,,,,,,,,,,,,,,,,,,,,,,,,,,,,,,,,,,,,,,
2025-09-03 15:42:11,2025-09-04 13:09:50,IP Address,99.239.65.197,100,77259,True,2025-09-04 13:09:51,R_58BV0WOuk0m5T4j,,,,,43.6868,-79.402,anonymous,EN,1,,Yes,No,,,,,,,,,,,,,,,,,,,,,,,,,,,,,,,,,,,,,,,,,,,,,,,,,,,,,,,,,,,,,,,,,,,,,,,,,,,,,,,,,,,,,,,,,,,,,,,,,,,,2 - They should be used only if they help the borrower secure a loan.,,Yes,25 - 34,Female,Master's degree,South Asia,Student,4 - Slightly Agree,5 - Strongly Agree,5 - Strongly Agree,4 - Slightly Agree,3 - Neutral,5 - Strongly Agree,3 - Neutral,5 - Strongly Agree,5 - Strongly Agree,4 - Slightly Agree,4 - Slightly Agree,4 - Slightly Agree,5 - Strongly Agree,4 - Slightly Agree,5 - Strongly Agree,3 - Neutral,4 - Slightly Agree,3 - Neutral,4 - Slightly Agree,5 - Strongly Agree,4 - Slightly Agree,5 - Strongly Agree,3 - Neutral,5 - Strongly Agree,5 - Strongly Agree,3 - Neutral,5 - Strongly Agree,4 - Slightly Agree,3 - Neutral,5 - Strongly Agree,5 - Strongly Agree,5 - Strongly Agree,No,,,,,,,,,,,,,,,,,,,,,,,,,,,,,,,,,,,,,,,,,,,,,,,,,,,,,,,,,,,,,,,,,,
2025-08-29 02:59:53,2025-08-29 03:00:24,IP Address,192.41.125.247,5,31,False,2025-09-05 03:00:27,R_2S1y1EwqkBiQbol,,,,,55.9489,-3.1632,qr,EN,1,,Yes,Yes,,,,,,,,,,,,,,,,,,,,,,,,,,,,,,,,,,,,,,,,,,,,,,,,,,,,,,,,,,,,,,,,,,,,,,,,,,,,,,,,,,,,,,,,,,,,,,,,,,,,,,,,,,,,,,,,,,,,,,,,,,,,,,,,,,,,,,,,,,,,,,,,,,,,,,,,,,,,,,,,,,,,,,,,,,,,,,,,,,,,,,,,,,,,,,,,,,,,,,,,,,,,,,
2025-09-05 10:22:40,2025-09-05 10:30:53,IP Address,129.100.255.32,100,493,True,2025-09-05 10:30:54,R_3AEBtyENBBF7CF8,,,,,43.0147,-81.3049,qr,EN,1,,Yes,No,,,,,,,,,,,,,,,,,,,,,,,,,,,,,,,,,,,,,,,,,,,,,,,,,,,,,,,,,,,,,,,,,,,,,,,,,,,,,,,,,,,,,,,,,,,,,,,,,,,,2 - They should be used only if they help the borrower secure a loan.,,No,,,,,,,,,,,,,,,,,,,,,,,,,,,,,,,,,,,,,,,5 - Strongly Agree,3 - Neutral,3 - Neutral,4 - Slightly Agree,3 - Neutral,3 - Neutral,3 - Neutral,3 - Neutral,5 - Strongly Agree,4 - Slightly Agree,5 - Strongly Agree,4 - Slightly Agree,4 - Slightly Agree,3 - Neutral,4 - Slightly Agree,4 - Slightly Agree,5 - Strongly Agree,5 - Strongly Agree,5 - Strongly Agree,4 - Slightly Agree,4 - Slightly Agree,4 - Slightly Agree,4 - Slightly Agree,4 - Slightly Agree,4 - Slightly Agree,3 - Neutral,3 - Neutral,3 - Neutral,3 - Neutral,3 - Neutral,4 - Slightly Agree,3 - Neutral,No,,,,,,,,,,,,,,,,,,,,,,,,,,,,,,,,,
2025-09-05 10:22:17,2025-09-05 10:32:48,IP Address,129.100.255.30,100,630,True,2025-09-05 10:32:48,R_5dMEuVpJSS8uvuz,,,,,43.0147,-81.3049,qr,EN,1,,Yes,No,,,,,,,,,,,,,,,,,,,,,,,,,,,,,,,,,,,,,,,,,,,,,,,,,,,,,,,,,,,,,,,,,,,,,,,,,,,,,,,,,,,,,,,,,,,,,,,,,,,,2 - They should be used only if they help the borrower secure a loan.,,Yes,18 - 24,Female,Bachelor's degree,North America,Student,5 - Strongly Agree,3 - Neutral,4 - Slightly Agree,4 - Slightly Agree,4 - Slightly Agree,4 - Slightly Agree,4 - Slightly Agree,4 - Slightly Agree,4 - Slightly Agree,3 - Neutral,4 - Slightly Agree,4 - Slightly Agree,4 - Slightly Agree,4 - Slightly Agree,4 - Slightly Agree,4 - Slightly Agree,4 - Slightly Agree,4 - Slightly Agree,5 - Strongly Agree,5 - Strongly Agree,4 - Slightly Agree,5 - Strongly Agree,5 - Strongly Agree,4 - Slightly Agree,4 - Slightly Agree,5 - Strongly Agree,5 - Strongly Agree,5 - Strongly Agree,5 - Strongly Agree,4 - Slightly Agree,5 - Strongly Agree,4 - Slightly Agree,No,,,,,,,,,,,,,,,,,,,,,,,,,,,,,,,,,,,,,,,,,,,,,,,,,,,,,,,,,,,,,,,,,,
2025-09-05 10:22:44,2025-09-05 10:33:59,IP Address,129.100.255.21,100,674,True,2025-09-05 10:33:59,R_6k1vglx5mUPAf78,,,,,43.0147,-81.3049,qr,EN,1,,Yes,Yes,2 - Slightly Disagree,2 - Slightly Disagree,2 - Slightly Disagree,2 - Slightly Disagree,2 - Slightly Disagree,2 - Slightly Disagree,3 - Neutral,3 - Neutral,4 - Slightly Agree,4 - Slightly Agree,4 - Slightly Agree,4 - Slightly Agree,4 - Slightly Agree,4 - Slightly Agree,4 - Slightly Agree,4 - Slightly Agree,5 - Strongly Agree,5 - Strongly Agree,5 - Strongly Agree,5 - Strongly Agree,5 - Strongly Agree,5 - Strongly Agree,5 - Strongly Agree,5 - Strongly Agree,2 - Slightly Disagree,2 - Slightly Disagree,2 - Slightly Disagree,2 - Slightly Disagree,2 - Slightly Disagree,2 - Slightly Disagree,2 - Slightly Disagree,2 - Slightly Disagree,No,4 - Slightly Agree,2 - Slightly Disagree,3 - Neutral,2 - Slightly Disagree,4 - Slightly Agree,4 - Slightly Agree,2 - Slightly Disagree,2 - Slightly Disagree,5 - Strongly Agree,4 - Slightly Agree,4 - Slightly Agree,4 - Slightly Agree,4 - Slightly Agree,4 - Slightly Agree,4 - Slightly Agree,4 - Slightly Agree,5 - Strongly Agree,4 - Slightly Agree,4 - Slightly Agree,5 - Strongly Agree,5 - Strongly Agree,5 - Strongly Agree,5 - Strongly Agree,5 - Strongly Agree,4 - Slightly Agree,5 - Strongly Agree,5 - Strongly Agree,5 - Strongly Agree,3 - Neutral,4 - Slightly Agree,5 - Strongly Agree,5 - Strongly Agree,Yes,,,,,,,,,,,,,,,,,,,,,,,,,,,,,,,,,,"3 - They should be used, no matter if they help the borrower or not.",,No,,,,,,,,,,,,,,,,,,,,,,,,,,,,,,,,,,,,,,,,,,,,,,,,,,,,,,,,,,,,,,,,,,,,,,,,,,,,,,,,,,,,,,,,,,,,,,,,,,,,,,,,
2025-09-05 10:23:08,2025-09-05 10:35:09,IP Address,129.100.255.61,100,721,True,2025-09-05 10:35:10,R_1gGrpj47SkOP6ed,,,,,43.0147,-81.3049,qr,EN,1,,Yes,No,,,,,,,,,,,,,,,,,,,,,,,,,,,,,,,,,,,,,,,,,,,,,,,,,,,,,,,,,,,,,,,,,,,,,,,,,,,,,,,,,,,,,,,,,,,,,,,,,,,,"3 - They should be used, no matter if they help the borrower or not.",,Yes,18 - 24,Female,Bachelor's degree,North America,Research / Academia,4 - Slightly Agree,4 - Slightly Agree,5 - Strongly Agree,4 - Slightly Agree,4 - Slightly Agree,5 - Strongly Agree,3 - Neutral,4 - Slightly Agree,4 - Slightly Agree,4 - Slightly Agree,5 - Strongly Agree,4 - Slightly Agree,4 - Slightly Agree,4 - Slightly Agree,3 - Neutral,4 - Slightly Agree,4 - Slightly Agree,4 - Slightly Agree,4 - Slightly Agree,3 - Neutral,4 - Slightly Agree,4 - Slightly Agree,4 - Slightly Agree,4 - Slightly Agree,4 - Slightly Agree,4 - Slightly Agree,4 - Slightly Agree,2 - Slightly Disagree,4 - Slightly Agree,4 - Slightly Agree,4 - Slightly Agree,4 - Slightly Agree,No,,,,,,,,,,,,,,,,,,,,,,,,,,,,,,,,,,,,,,,,,,,,,,,,,,,,,,,,,,,,,,,,,,
2025-09-05 10:22:17,2025-09-05 10:40:33,IP Address,129.100.255.22,100,1095,True,2025-09-05 10:40:33,R_31MlTfnD3J3FZr8,,,,,43.0147,-81.3049,qr,EN,1,,Yes,No,,,,,,,,,,,,,,,,,,,,,,,,,,,,,,,,,,,,,,,,,,,,,,,,,,,,,,,,,,,,,,,,,,,,,,,,,,,,,,,,,,,,,,,,,,,,,,,,,,,,"3 - They should be used, no matter if they help the borrower or not.",,Yes,18 - 24,Female,Some college or university,East Asia,Student,,,,,,,,,,,,,,,,,,,,,,,,,,,,,,,,,,5 - Strongly Agree,4 - Slightly Agree,5 - Strongly Agree,4 - Slightly Agree,4 - Slightly Agree,4 - Slightly Agree,4 - Slightly Agree,4 - Slightly Agree,2 - Slightly Disagree,4 - Slightly Agree,4 - Slightly Agree,3 - Neutral,4 - Slightly Agree,3 - Neutral,2 - Slightly Disagree,3 - Neutral,5 - Strongly Agree,5 - Strongly Agree,4 - Slightly Agree,4 - Slightly Agree,5 - Strongly Agree,4 - Slightly Agree,5 - Strongly Agree,4 - Slightly Agree,4 - Slightly Agree,4 - Slightly Agree,3 - Neutral,4 - Slightly Agree,4 - Slightly Agree,4 - Slightly Agree,4 - Slightly Agree,4 - Slightly Agree,No,,,,,,,,,,,,,,,,,,,,,,,,,,,,,,,,,
2025-09-05 10:38:30,2025-09-05 10:46:00,IP Address,129.100.255.30,100,449,True,2025-09-05 10:46:00,R_1NE3RICN9EpHQze,,,,,43.0147,-81.3049,qr,EN,1,,Yes,Yes,,,,,,,,,,,,,,,,,,,,,,,,,,,,,,,,,,5 - Strongly Agree,3 - Neutral,3 - Neutral,1 - Strongly Disagree,2 - Slightly Disagree,1 - Strongly Disagree,2 - Slightly Disagree,1 - Strongly Disagree,5 - Strongly Agree,4 - Slightly Agree,4 - Slightly Agree,4 - Slightly Agree,1 - Strongly Disagree,1 - Strongly Disagree,2 - Slightly Disagree,2 - Slightly Disagree,5 - Strongly Agree,3 - Neutral,2 - Slightly Disagree,2 - Slightly Disagree,1 - Strongly Disagree,1 - Strongly Disagree,1 - Strongly Disagree,1 - Strongly Disagree,5 - Strongly Agree,1 - Strongly Disagree,2 - Slightly Disagree,1 - Strongly Disagree,1 - Strongly Disagree,1 - Strongly Disagree,1 - Strongly Disagree,1 - Strongly Disagree,No,,,,,,,,,,,,,,,,,,,,,,,,,,,,,,,,,,"3 - They should be used, no matter if they help the borrower or not.",,No,,,,,,,,,,,,,,,,,,,,,,,,,,,,,,,,,,,,,,,,,,,,,,,,,,,,,,,,,,,,,,,,,,,,,,,,,,,,,,,,,,,,,,,,,,,,,,,,,,,,,,,,
2025-08-29 12:41:04,2025-08-29 12:42:07,IP Address,199.7.157.6,53,63,False,2025-09-05 12:42:09,R_6LtclygRYjqCkXi,,,,,43.6922,-79.4309,anonymous,EN,1,,Yes,No,,,,,,,,,,,,,,,,,,,,,,,,,,,,,,,,,,,,,,,,,,,,,,,,,,,,,,,,,,,,,,,,,,,,,,,,,,,,,,,,,,,,,,,,,,,,,,,,,,,,,,,,,,,,,,,,,,,,,,,,,,,,,,,,,,,,,,,,,,,,,,,,,,,,,,,,,,,,,,,,,,,,,,,,,,,,,,,,,,,,,,,,,,,,,,,,,,,,,,,,,,,,,,
2025-09-05 13:31:59,2025-09-05 13:39:09,IP Address,129.100.255.84,100,430,True,2025-09-05 13:39:10,R_5uEXGZauOoRn6c7,,,,,43.0147,-81.3049,qr,EN,1,,Yes,Yes,,,,,,,,,,,,,,,,,,,,,,,,,,,,,,,,,,,,,,,,,,,,,,,,,,,,,,,,,,,,,,,,,,,4 - Slightly Agree,3 - Neutral,4 - Slightly Agree,5 - Strongly Agree,4 - Slightly Agree,5 - Strongly Agree,2 - Slightly Disagree,5 - Strongly Agree,5 - Strongly Agree,4 - Slightly Agree,5 - Strongly Agree,5 - Strongly Agree,5 - Strongly Agree,3 - Neutral,5 - Strongly Agree,4 - Slightly Agree,4 - Slightly Agree,4 - Slightly Agree,5 - Strongly Agree,2 - Slightly Disagree,5 - Strongly Agree,4 - Slightly Agree,5 - Strongly Agree,3 - Neutral,4 - Slightly Agree,4 - Slightly Agree,3 - Neutral,5 - Strongly Agree,5 - Strongly Agree,4 - Slightly Agree,5 - Strongly Agree,4 - Slightly Agree,No,2 - They should be used only if they help the borrower secure a loan.,,No,,,,,,,,,,,,,,,,,,,,,,,,,,,,,,,,,,,,,,,,,,,,,,,,,,,,,,,,,,,,,,,,,,,,,,,,,,,,,,,,,,,,,,,,,,,,,,,,,,,,,,,,
2025-09-05 13:55:07,2025-09-05 14:02:10,IP Address,129.100.255.33,100,422,True,2025-09-05 14:02:10,R_7wt6RQWPh2F6vdf,,,,,43.0147,-81.3049,qr,EN,1,,Yes,No,,,,,,,,,,,,,,,,,,,,,,,,,,,,,,,,,,,,,,,,,,,,,,,,,,,,,,,,,,,,,,,,,,,,,,,,,,,,,,,,,,,,,,,,,,,,,,,,,,,,2 - They should be used only if they help the borrower secure a loan.,,Yes,18 - 24,Female,High school diploma or equivalent,North America,Student,,,,,,,,,,,,,,,,,,,,,,,,,,,,,,,,,,4 - Slightly Agree,5 - Strongly Agree,5 - Strongly Agree,4 - Slightly Agree,4 - Slightly Agree,4 - Slightly Agree,4 - Slightly Agree,4 - Slightly Agree,5 - Strongly Agree,5 - Strongly Agree,5 - Strongly Agree,5 - Strongly Agree,5 - Strongly Agree,5 - Strongly Agree,5 - Strongly Agree,5 - Strongly Agree,5 - Strongly Agree,4 - Slightly Agree,5 - Strongly Agree,5 - Strongly Agree,5 - Strongly Agree,4 - Slightly Agree,5 - Strongly Agree,4 - Slightly Agree,5 - Strongly Agree,5 - Strongly Agree,5 - Strongly Agree,4 - Slightly Agree,5 - Strongly Agree,5 - Strongly Agree,4 - Slightly Agree,4 - Slightly Agree,No,,,,,,,,,,,,,,,,,,,,,,,,,,,,,,,,,
2025-09-05 13:46:24,2025-09-05 14:09:42,IP Address,129.100.255.81,100,1397,True,2025-09-05 14:09:43,R_7LXXLc830lvSpjq,,,,,43.5204,-80.2245,qr,EN,0.8999999761581421,,Yes,No,,,,,,,,,,,,,,,,,,,,,,,,,,,,,,,,,,,,,,,,,,,,,,,,,,,,,,,,,,,,,,,,,,,,,,,,,,,,,,,,,,,,,,,,,,,,,,,,,,,,"3 - They should be used, no matter if they help the borrower or not.",,Yes,18 - 24,Male,High school diploma or equivalent,North America,Student,,,,,,,,,,,,,,,,,,,,,,,,,,,,,,,,,,5 - Strongly Agree,5 - Strongly Agree,5 - Strongly Agree,5 - Strongly Agree,5 - Strongly Agree,5 - Strongly Agree,4 - Slightly Agree,5 - Strongly Agree,4 - Slightly Agree,5 - Strongly Agree,5 - Strongly Agree,5 - Strongly Agree,5 - Strongly Agree,5 - Strongly Agree,4 - Slightly Agree,5 - Strongly Agree,5 - Strongly Agree,5 - Strongly Agree,5 - Strongly Agree,4 - Slightly Agree,5 - Strongly Agree,5 - Strongly Agree,5 - Strongly Agree,5 - Strongly Agree,5 - Strongly Agree,5 - Strongly Agree,5 - Strongly Agree,5 - Strongly Agree,5 - Strongly Agree,5 - Strongly Agree,5 - Strongly Agree,5 - Strongly Agree,No,5 - Strongly Agree,4 - Slightly Agree,4 - Slightly Agree,5 - Strongly Agree,5 - Strongly Agree,5 - Strongly Agree,5 - Strongly Agree,5 - Strongly Agree,5 - Strongly Agree,5 - Strongly Agree,5 - Strongly Agree,5 - Strongly Agree,5 - Strongly Agree,5 - Strongly Agree,5 - Strongly Agree,5 - Strongly Agree,5 - Strongly Agree,5 - Strongly Agree,5 - Strongly Agree,5 - Strongly Agree,5 - Strongly Agree,5 - Strongly Agree,5 - Strongly Agree,5 - Strongly Agree,4 - Slightly Agree,5 - Strongly Agree,5 - Strongly Agree,5 - Strongly Agree,5 - Strongly Agree,5 - Strongly Agree,4 - Slightly Agree,5 - Strongly Agree,Yes
2025-08-29 19:06:19,2025-08-29 19:06:52,IP Address,209.29.96.14,53,32,False,2025-09-05 19:06:59,R_6C2AFy93r31HBL3,,,,,43.6591,-79.4626,anonymous,EN,1,,Yes,No,,,,,,,,,,,,,,,,,,,,,,,,,,,,,,,,,,,,,,,,,,,,,,,,,,,,,,,,,,,,,,,,,,,,,,,,,,,,,,,,,,,,,,,,,,,,,,,,,,,,,,,,,,,,,,,,,,,,,,,,,,,,,,,,,,,,,,,,,,,,,,,,,,,,,,,,,,,,,,,,,,,,,,,,,,,,,,,,,,,,,,,,,,,,,,,,,,,,,,,,,,,,,,
2025-08-30 00:39:13,2025-08-30 00:40:57,IP Address,49.185.202.104,53,103,False,2025-09-06 00:41:00,R_9NGokP8mxMhPFtL,,,,,-37.7953,144.9767,anonymous,EN,0.8999999761581421,,Yes,No,,,,,,,,,,,,,,,,,,,,,,,,,,,,,,,,,,,,,,,,,,,,,,,,,,,,,,,,,,,,,,,,,,,,,,,,,,,,,,,,,,,,,,,,,,,,,,,,,,,,,,,,,,,,,,,,,,,,,,,,,,,,,,,,,,,,,,,,,,,,,,,,,,,,,,,,,,,,,,,,,,,,,,,,,,,,,,,,,,,,,,,,,,,,,,,,,,,,,,,,,,,,,,
2025-09-06 13:40:42,2025-09-06 13:52:57,IP Address,129.100.255.35,100,734,True,2025-09-06 13:52:58,R_5lAFKh5GhQBPGNF,,,,,43.0147,-81.3049,anonymous,EN,1,,Yes,No,,,,,,,,,,,,,,,,,,,,,,,,,,,,,,,,,,,,,,,,,,,,,,,,,,,,,,,,,,,,,,,,,,,,,,,,,,,,,,,,,,,,,,,,,,,,,,,,,,,,"3 - They should be used, no matter if they help the borrower or not.",,Yes,18 - 24,Male,Some college or university,North America,Healthcare,,,,,,,,,,,,,,,,,,,,,,,,,,,,,,,,,,5 - Strongly Agree,5 - Strongly Agree,5 - Strongly Agree,4 - Slightly Agree,4 - Slightly Agree,5 - Strongly Agree,5 - Strongly Agree,5 - Strongly Agree,5 - Strongly Agree,4 - Slightly Agree,5 - Strongly Agree,4 - Slightly Agree,4 - Slightly Agree,4 - Slightly Agree,4 - Slightly Agree,5 - Strongly Agree,5 - Strongly Agree,5 - Strongly Agree,5 - Strongly Agree,5 - Strongly Agree,5 - Strongly Agree,5 - Strongly Agree,5 - Strongly Agree,5 - Strongly Agree,5 - Strongly Agree,4 - Slightly Agree,4 - Slightly Agree,5 - Strongly Agree,5 - Strongly Agree,5 - Strongly Agree,5 - Strongly Agree,4 - Slightly Agree,No,5 - Strongly Agree,4 - Slightly Agree,3 - Neutral,5 - Strongly Agree,4 - Slightly Agree,4 - Slightly Agree,5 - Strongly Agree,5 - Strongly Agree,5 - Strongly Agree,4 - Slightly Agree,4 - Slightly Agree,5 - Strongly Agree,3 - Neutral,3 - Neutral,5 - Strongly Agree,5 - Strongly Agree,5 - Strongly Agree,4 - Slightly Agree,3 - Neutral,4 - Slightly Agree,3 - Neutral,3 - Neutral,5 - Strongly Agree,5 - Strongly Agree,5 - Strongly Agree,5 - Strongly Agree,5 - Strongly Agree,5 - Strongly Agree,5 - Strongly Agree,5 - Strongly Agree,5 - Strongly Agree,5 - Strongly Agree,Yes
2025-09-06 19:55:00,2025-09-06 20:08:04,IP Address,129.100.255.36,100,783,True,2025-09-06 20:08:04,R_3Gw3KEwJnjxCRTE,,,,,43.0147,-81.3049,qr,EN,1,,Yes,No,,,,,,,,,,,,,,,,,,,,,,,,,,,,,,,,,,,,,,,,,,,,,,,,,,,,,,,,,,,,,,,,,,,,,,,,,,,,,,,,,,,,,,,,,,,,,,,,,,,,2 - They should be used only if they help the borrower secure a loan.,"Wording for lower credit scores is inconsistent, the lowest credit score explanation made it seem better than a slightly higher credit score.",Yes,18 - 24,Male,High school diploma or equivalent,North America,Finance or Banking,,,,,,,,,,,,,,,,,,,,,,,,,,,,,,,,,,2 - Slightly Disagree,3 - Neutral,4 - Slightly Agree,2 - Slightly Disagree,3 - Neutral,4 - Slightly Agree,2 - Slightly Disagree,4 - Slightly Agree,5 - Strongly Agree,4 - Slightly Agree,4 - Slightly Agree,3 - Neutral,2 - Slightly Disagree,4 - Slightly Agree,2 - Slightly Disagree,4 - Slightly Agree,4 - Slightly Agree,3 - Neutral,4 - Slightly Agree,3 - Neutral,4 - Slightly Agree,4 - Slightly Agree,2 - Slightly Disagree,3 - Neutral,4 - Slightly Agree,2 - Slightly Disagree,2 - Slightly Disagree,2 - Slightly Disagree,3 - Neutral,4 - Slightly Agree,3 - Neutral,2 - Slightly Disagree,No,,,,,,,,,,,,,,,,,,,,,,,,,,,,,,,,,
2025-08-31 06:53:34,2025-08-31 07:02:46,IP Address,191.156.50.20,14,551,False,2025-09-07 07:02:49,R_6PFyk83NxdTq3PX,,,,,4.6115,-74.0833,anonymous,EN,0.8999999761581421,,Yes,Yes,,,,,,,,,,,,,,,,,,,,,,,,,,,,,,,,,,4 - Slightly Agree,4 - Slightly Agree,3 - Neutral,3 - Neutral,4 - Slightly Agree,3 - Neutral,4 - Slightly Agree,4 - Slightly Agree,,,,,,,,,,,,,,,,,,,,,,,,,,,,,,,,,,,,,,,,,,,,,,,,,,,,,,,,,,,,,,,,,,,,,,,,,,,,,,,,,,,,,,,,,,,,,,,,,,,,,,,,,,,,,,,,,,,,,,,,,,,,,,,,,,,,,,,,,,,,,,,,,,,,,,,,,,,,,,,,,,,,,
2025-09-07 19:44:41,2025-09-07 19:57:18,IP Address,117.102.146.118,100,756,True,2025-09-07 19:57:19,R_9AYKSJzCSJ8xcBj,,,,,-37.8008,144.9876,anonymous,EN,0.8999999761581421,,Yes,No,,,,,,,,,,,,,,,,,,,,,,,,,,,,,,,,,,,,,,,,,,,,,,,,,,,,,,,,,,,,,,,,,,,,,,,,,,,,,,,,,,,,,,,,,,,,,,,,,,,,2 - They should be used only if they help the borrower secure a loan.,It would be helpful if the evaluation included more space for qualitative feedback in addition to rating scales,Yes,35 - 44,Female,Master's degree,Australia / Oceania,Healthcare,,,,,,,,,,,,,,,,,,,,,,,,,,,,,,,,,,,,,,,,,,,,,,,,,,,,,,,,,,,,,,,,,,,4 - Slightly Agree,4 - Slightly Agree,3 - Neutral,5 - Strongly Agree,4 - Slightly Agree,3 - Neutral,4 - Slightly Agree,5 - Strongly Agree,4 - Slightly Agree,3 - Neutral,2 - Slightly Disagree,4 - Slightly Agree,3 - Neutral,4 - Slightly Agree,3 - Neutral,3 - Neutral,4 - Slightly Agree,4 - Slightly Agree,3 - Neutral,4 - Slightly Agree,2 - Slightly Disagree,4 - Slightly Agree,5 - Strongly Agree,4 - Slightly Agree,3 - Neutral,5 - Strongly Agree,4 - Slightly Agree,Unsure/Prefer not to answer,Unsure/Prefer not to answer,4 - Slightly Agree,3 - Neutral,3 - Neutral,No
2025-09-01 05:31:58,2025-09-01 05:32:48,IP Address,37.209.146.214,5,50,False,2025-09-08 05:32:55,R_8rIslA1mMQ70yJP,,,,,52.4189,16.8847,qr,EN,0.8999999761581421,,Yes,Yes,,,,,,,,,,,,,,,,,,,,,,,,,,,,,,,,,,,,,,,,,,,,,,,,,,,,,,,,,,,,,,,,,,,,,,,,,,,,,,,,,,,,,,,,,,,,,,,,,,,,,,,,,,,,,,,,,,,,,,,,,,,,,,,,,,,,,,,,,,,,,,,,,,,,,,,,,,,,,,,,,,,,,,,,,,,,,,,,,,,,,,,,,,,,,,,,,,,,,,,,,,,,,,
2025-09-08 15:50:08,2025-09-08 16:01:25,IP Address,129.100.255.81,100,677,True,2025-09-08 16:01:26,R_3snnIp1lRqqArFw,,,,,43.0147,-81.3049,anonymous,EN,1,,Yes,No,,,,,,,,,,,,,,,,,,,,,,,,,,,,,,,,,,,,,,,,,,,,,,,,,,,,,,,,,,,,,,,,,,,,,,,,,,,,,,,,,,,,,,,,,,,,,,,,,,,,"3 - They should be used, no matter if they help the borrower or not.",,Yes,18 - 24,Male,High school diploma or equivalent,North America,Student,,,,,,,,,,,,,,,,,,,,,,,,,,,,,,,,,,4 - Slightly Agree,5 - Strongly Agree,5 - Strongly Agree,5 - Strongly Agree,5 - Strongly Agree,5 - Strongly Agree,4 - Slightly Agree,4 - Slightly Agree,4 - Slightly Agree,4 - Slightly Agree,5 - Strongly Agree,5 - Strongly Agree,4 - Slightly Agree,5 - Strongly Agree,4 - Slightly Agree,4 - Slightly Agree,4 - Slightly Agree,4 - Slightly Agree,4 - Slightly Agree,4 - Slightly Agree,Unsure/Prefer not to answer,Unsure/Prefer not to answer,5 - Strongly Agree,4 - Slightly Agree,5 - Strongly Agree,4 - Slightly Agree,5 - Strongly Agree,4 - Slightly Agree,5 - Strongly Agree,5 - Strongly Agree,5 - Strongly Agree,5 - Strongly Agree,No,,,,,,,,,,,,,,,,,,,,,,,,,,,,,,,,,
2025-09-08 16:19:20,2025-09-08 16:32:15,IP Address,129.100.255.31,100,774,True,2025-09-08 16:32:15,R_3AHySmGmcHLfX0Q,,,,,43.0147,-81.3049,qr,EN,1,,Yes,No,,,,,,,,,,,,,,,,,,,,,,,,,,,,,,,,,,,,,,,,,,,,,,,,,,,,,,,,,,,,,,,,,,,,,,,,,,,,,,,,,,,,,,,,,,,,,,,,,,,,2 - They should be used only if they help the borrower secure a loan.,,Yes,18 - 24,Male,Some college or university,North America,Student,3 - Neutral,4 - Slightly Agree,4 - Slightly Agree,3 - Neutral,3 - Neutral,4 - Slightly Agree,4 - Slightly Agree,3 - Neutral,4 - Slightly Agree,3 - Neutral,4 - Slightly Agree,4 - Slightly Agree,3 - Neutral,5 - Strongly Agree,5 - Strongly Agree,3 - Neutral,3 - Neutral,3 - Neutral,4 - Slightly Agree,2 - Slightly Disagree,4 - Slightly Agree,3 - Neutral,3 - Neutral,4 - Slightly Agree,3 - Neutral,4 - Slightly Agree,5 - Strongly Agree,4 - Slightly Agree,4 - Slightly Agree,3 - Neutral,4 - Slightly Agree,3 - Neutral,No,,,,,,,,,,,,,,,,,,,,,,,,,,,,,,,,,,,,,,,,,,,,,,,,,,,,,,,,,,,,,,,,,,
2025-09-08 18:03:55,2025-09-08 18:17:49,IP Address,129.100.255.26,100,834,True,2025-09-08 18:17:52,R_72o9K3UAUHl9Bhf,,,,,43.0147,-81.3049,anonymous,EN,1,,Yes,No,,,,,,,,,,,,,,,,,,,,,,,,,,,,,,,,,,,,,,,,,,,,,,,,,,,,,,,,,,,,,,,,,,,,,,,,,,,,,,,,,,,,,,,,,,,,,,,,,,,,4 - I am not sure / I don't know.,,Yes,18 - 24,Female,"Doctorate or professional degree (PhD, JD, MD, etc.)",North America,Student,4 - Slightly Agree,4 - Slightly Agree,4 - Slightly Agree,5 - Strongly Agree,4 - Slightly Agree,4 - Slightly Agree,3 - Neutral,3 - Neutral,5 - Strongly Agree,3 - Neutral,4 - Slightly Agree,5 - Strongly Agree,4 - Slightly Agree,4 - Slightly Agree,5 - Strongly Agree,5 - Strongly Agree,5 - Strongly Agree,4 - Slightly Agree,4 - Slightly Agree,5 - Strongly Agree,4 - Slightly Agree,4 - Slightly Agree,5 - Strongly Agree,4 - Slightly Agree,4 - Slightly Agree,5 - Strongly Agree,4 - Slightly Agree,5 - Strongly Agree,4 - Slightly Agree,4 - Slightly Agree,5 - Strongly Agree,4 - Slightly Agree,Yes,,,,,,,,,,,,,,,,,,,,,,,,,,,,,,,,,,4 - Slightly Agree,4 - Slightly Agree,4 - Slightly Agree,4 - Slightly Agree,4 - Slightly Agree,4 - Slightly Agree,4 - Slightly Agree,4 - Slightly Agree,4 - Slightly Agree,4 - Slightly Agree,4 - Slightly Agree,4 - Slightly Agree,4 - Slightly Agree,4 - Slightly Agree,4 - Slightly Agree,4 - Slightly Agree,5 - Strongly Agree,3 - Neutral,3 - Neutral,2 - Slightly Disagree,3 - Neutral,3 - Neutral,4 - Slightly Agree,3 - Neutral,5 - Strongly Agree,4 - Slightly Agree,3 - Neutral,3 - Neutral,4 - Slightly Agree,3 - Neutral,5 - Strongly Agree,3 - Neutral,No
2025-09-08 21:41:16,2025-09-08 21:49:59,IP Address,99.244.25.151,100,522,True,2025-09-08 21:49:59,R_6fwmHIjC10khUDM,,,,,43.0461,-81.2436,anonymous,EN,0.8999999761581421,,Yes,Yes,,,,,,,,,,,,,,,,,,,,,,,,,,,,,,,,,,,,,,,,,,,,,,,,,,,,,,,,,,,,,,,,,,,5 - Strongly Agree,2 - Slightly Disagree,5 - Strongly Agree,4 - Slightly Agree,4 - Slightly Agree,3 - Neutral,4 - Slightly Agree,5 - Strongly Agree,4 - Slightly Agree,4 - Slightly Agree,4 - Slightly Agree,3 - Neutral,3 - Neutral,2 - Slightly Disagree,5 - Strongly Agree,4 - Slightly Agree,5 - Strongly Agree,5 - Strongly Agree,4 - Slightly Agree,4 - Slightly Agree,3 - Neutral,3 - Neutral,4 - Slightly Agree,5 - Strongly Agree,4 - Slightly Agree,4 - Slightly Agree,4 - Slightly Agree,3 - Neutral,3 - Neutral,3 - Neutral,4 - Slightly Agree,5 - Strongly Agree,No,2 - They should be used only if they help the borrower secure a loan.,,Yes,35 - 44,Female,"Doctorate or professional degree (PhD, JD, MD, etc.)",North America,Government or Public Service,,,,,,,,,,,,,,,,,,,,,,,,,,,,,,,,,,,,,,,,,,,,,,,,,,,,,,,,,,,,,,,,,,,,,,,,,,,,,,,,,,,,,,,,,,,,,,,,,,,
2025-09-09 08:59:59,2025-09-09 09:05:26,IP Address,129.100.255.61,100,326,True,2025-09-09 09:05:27,R_1Nkx7n6TioXwAS5,,,,,43.0147,-81.3049,anonymous,EN,1,,Yes,No,,,,,,,,,,,,,,,,,,,,,,,,,,,,,,,,,,,,,,,,,,,,,,,,,,,,,,,,,,,,,,,,,,,,,,,,,,,,,,,,,,,,,,,,,,,,,,,,,,,,"3 - They should be used, no matter if they help the borrower or not.",,No,,,,,,4 - Slightly Agree,4 - Slightly Agree,5 - Strongly Agree,3 - Neutral,4 - Slightly Agree,5 - Strongly Agree,4 - Slightly Agree,4 - Slightly Agree,4 - Slightly Agree,5 - Strongly Agree,5 - Strongly Agree,4 - Slightly Agree,5 - Strongly Agree,5 - Strongly Agree,4 - Slightly Agree,4 - Slightly Agree,4 - Slightly Agree,5 - Strongly Agree,5 - Strongly Agree,4 - Slightly Agree,4 - Slightly Agree,5 - Strongly Agree,4 - Slightly Agree,4 - Slightly Agree,4 - Slightly Agree,5 - Strongly Agree,5 - Strongly Agree,4 - Slightly Agree,5 - Strongly Agree,5 - Strongly Agree,4 - Slightly Agree,4 - Slightly Agree,No,,,,,,,,,,,,,,,,,,,,,,,,,,,,,,,,,,,,,,,,,,,,,,,,,,,,,,,,,,,,,,,,,,
2025-09-02 07:37:32,2025-09-02 10:17:07,IP Address,186.102.4.200,5,9575,False,2025-09-09 10:17:16,R_7f7dycwsuq4ol3D,,,,,4.6913,-74.032,anonymous,EN,1,,Yes,Yes,,,,,,,,,,,,,,,,,,,,,,,,,,,,,,,,,,,,,,,,,,,,,,,,,,,,,,,,,,,,,,,,,,,,,,,,,,,,,,,,,,,,,,,,,,,,,,,,,,,,,,,,,,,,,,,,,,,,,,,,,,,,,,,,,,,,,,,,,,,,,,,,,,,,,,,,,,,,,,,,,,,,,,,,,,,,,,,,,,,,,,,,,,,,,,,,,,,,,,,,,,,,,,
2025-09-09 11:11:23,2025-09-09 11:19:25,IP Address,129.100.255.21,100,482,True,2025-09-09 11:19:26,R_1XaJEoe2cDliMKN,,,,,43.0147,-81.3049,anonymous,EN,1,,Yes,No,,,,,,,,,,,,,,,,,,,,,,,,,,,,,,,,,,,,,,,,,,,,,,,,,,,,,,,,,,,,,,,,,,,,,,,,,,,,,,,,,,,,,,,,,,,,,,,,,,,,4 - I am not sure / I don't know.,,Yes,18 - 24,Male,High school diploma or equivalent,North America,Technology or IT,,,,,,,,,,,,,,,,,,,,,,,,,,,,,,,,,,,,,,,,,,,,,,,,,,,,,,,,,,,,,,,,,,,4 - Slightly Agree,5 - Strongly Agree,5 - Strongly Agree,3 - Neutral,5 - Strongly Agree,5 - Strongly Agree,5 - Strongly Agree,5 - Strongly Agree,5 - Strongly Agree,5 - Strongly Agree,4 - Slightly Agree,3 - Neutral,5 - Strongly Agree,5 - Strongly Agree,5 - Strongly Agree,5 - Strongly Agree,4 - Slightly Agree,4 - Slightly Agree,4 - Slightly Agree,3 - Neutral,4 - Slightly Agree,5 - Strongly Agree,4 - Slightly Agree,4 - Slightly Agree,5 - Strongly Agree,5 - Strongly Agree,4 - Slightly Agree,4 - Slightly Agree,5 - Strongly Agree,5 - Strongly Agree,5 - Strongly Agree,4 - Slightly Agree,No
2025-09-02 12:02:16,2025-09-02 12:02:24,IP Address,129.100.255.36,2,8,False,2025-09-09 12:02:25,R_3iKlH96Ncqer5to,,,,,43.0147,-81.3049,qr,EN,0.8999999761581421,,Yes,,,,,,,,,,,,,,,,,,,,,,,,,,,,,,,,,,,,,,,,,,,,,,,,,,,,,,,,,,,,,,,,,,,,,,,,,,,,,,,,,,,,,,,,,,,,,,,,,,,,,,,,,,,,,,,,,,,,,,,,,,,,,,,,,,,,,,,,,,,,,,,,,,,,,,,,,,,,,,,,,,,,,,,,,,,,,,,,,,,,,,,,,,,,,,,,,,,,,,,,,,,,,,,
2025-09-02 11:56:03,2025-09-02 12:03:20,IP Address,72.136.103.232,80,437,False,2025-09-09 12:03:29,R_5QF9b3dzGfCndai,,,,,43.6763,-79.485,qr,EN,1,,Yes,No,,,,,,,,,,,,,,,,,,,,,,,,,,,,,,,,,,,,,,,,,,,,,,,,,,,,,,,,,,,,,,,,,,,,,,,,,,,,,,,,,,,,,,,,,,,,,,,,,,,,,,,,,,,,,,,,,,,,,,,,,,,,,,,,,,,,,,,,,,,,,,,,,,,,,,,,,,,,,,,,,,,,,,,,,,,,,,2 - Slightly Disagree,2 - Slightly Disagree,1 - Strongly Disagree,5 - Strongly Agree,4 - Slightly Agree,5 - Strongly Agree,4 - Slightly Agree,5 - Strongly Agree,4 - Slightly Agree,4 - Slightly Agree,3 - Neutral,4 - Slightly Agree,4 - Slightly Agree,4 - Slightly Agree,4 - Slightly Agree,3 - Neutral,4 - Slightly Agree,4 - Slightly Agree,4 - Slightly Agree,4 - Slightly Agree,4 - Slightly Agree,5 - Strongly Agree,3 - Neutral,5 - Strongly Agree,,,,,,,,,
2025-09-09 12:48:42,2025-09-09 12:59:40,IP Address,129.100.255.30,100,657,True,2025-09-09 12:59:41,R_3JHhiiEjNXszkxX,,,,,43.0147,-81.3049,qr,EN,1,,Yes,No,,,,,,,,,,,,,,,,,,,,,,,,,,,,,,,,,,,,,,,,,,,,,,,,,,,,,,,,,,,,,,,,,,,,,,,,,,,,,,,,,,,,,,,,,,,,,,,,,,,,"3 - They should be used, no matter if they help the borrower or not.",,Yes,18 - 24,Male,High school diploma or equivalent,North America,Student,,,,,,,,,,,,,,,,,,,,,,,,,,,,,,,,,,2 - Slightly Disagree,5 - Strongly Agree,4 - Slightly Agree,3 - Neutral,3 - Neutral,3 - Neutral,2 - Slightly Disagree,2 - Slightly Disagree,4 - Slightly Agree,4 - Slightly Agree,4 - Slightly Agree,4 - Slightly Agree,4 - Slightly Agree,4 - Slightly Agree,4 - Slightly Agree,4 - Slightly Agree,4 - Slightly Agree,4 - Slightly Agree,4 - Slightly Agree,4 - Slightly Agree,4 - Slightly Agree,4 - Slightly Agree,4 - Slightly Agree,4 - Slightly Agree,4 - Slightly Agree,4 - Slightly Agree,4 - Slightly Agree,4 - Slightly Agree,4 - Slightly Agree,4 - Slightly Agree,4 - Slightly Agree,4 - Slightly Agree,Yes,3 - Neutral,3 - Neutral,4 - Slightly Agree,4 - Slightly Agree,4 - Slightly Agree,4 - Slightly Agree,4 - Slightly Agree,4 - Slightly Agree,2 - Slightly Disagree,3 - Neutral,3 - Neutral,4 - Slightly Agree,3 - Neutral,3 - Neutral,4 - Slightly Agree,3 - Neutral,4 - Slightly Agree,4 - Slightly Agree,4 - Slightly Agree,3 - Neutral,4 - Slightly Agree,4 - Slightly Agree,4 - Slightly Agree,4 - Slightly Agree,3 - Neutral,3 - Neutral,4 - Slightly Agree,4 - Slightly Agree,3 - Neutral,4 - Slightly Agree,3 - Neutral,4 - Slightly Agree,No
2025-09-09 12:51:25,2025-09-09 13:00:36,IP Address,129.100.255.21,100,550,True,2025-09-09 13:00:36,R_7E0RgTRYhIvPB5Q,,,,,43.0147,-81.3049,qr,EN,1,,Yes,No,,,,,,,,,,,,,,,,,,,,,,,,,,,,,,,,,,,,,,,,,,,,,,,,,,,,,,,,,,,,,,,,,,,,,,,,,,,,,,,,,,,,,,,,,,,,,,,,,,,,"3 - They should be used, no matter if they help the borrower or not.",,Yes,18 - 24,Male,Some college or university,North America,Student,4 - Slightly Agree,5 - Strongly Agree,5 - Strongly Agree,5 - Strongly Agree,5 - Strongly Agree,4 - Slightly Agree,4 - Slightly Agree,4 - Slightly Agree,4 - Slightly Agree,5 - Strongly Agree,5 - Strongly Agree,5 - Strongly Agree,5 - Strongly Agree,5 - Strongly Agree,5 - Strongly Agree,4 - Slightly Agree,5 - Strongly Agree,5 - Strongly Agree,5 - Strongly Agree,5 - Strongly Agree,5 - Strongly Agree,5 - Strongly Agree,5 - Strongly Agree,5 - Strongly Agree,4 - Slightly Agree,5 - Strongly Agree,5 - Strongly Agree,5 - Strongly Agree,4 - Slightly Agree,4 - Slightly Agree,5 - Strongly Agree,4 - Slightly Agree,No,,,,,,,,,,,,,,,,,,,,,,,,,,,,,,,,,,,,,,,,,,,,,,,,,,,,,,,,,,,,,,,,,,
2025-09-09 13:29:50,2025-09-09 13:37:22,IP Address,129.100.255.21,100,451,True,2025-09-09 13:37:22,R_740J6HYvVt0Hwls,,,,,43.0147,-81.3049,qr,EN,1,,Yes,No,,,,,,,,,,,,,,,,,,,,,,,,,,,,,,,,,,,,,,,,,,,,,,,,,,,,,,,,,,,,,,,,,,,,,,,,,,,,,,,,,,,,,,,,,,,,,,,,,,,,4 - I am not sure / I don't know.,,Yes,18 - 24,Male,Some college or university,North America,Student,5 - Strongly Agree,4 - Slightly Agree,5 - Strongly Agree,4 - Slightly Agree,5 - Strongly Agree,5 - Strongly Agree,4 - Slightly Agree,4 - Slightly Agree,5 - Strongly Agree,5 - Strongly Agree,5 - Strongly Agree,5 - Strongly Agree,5 - Strongly Agree,5 - Strongly Agree,4 - Slightly Agree,5 - Strongly Agree,5 - Strongly Agree,5 - Strongly Agree,5 - Strongly Agree,5 - Strongly Agree,5 - Strongly Agree,4 - Slightly Agree,4 - Slightly Agree,5 - Strongly Agree,5 - Strongly Agree,5 - Strongly Agree,4 - Slightly Agree,4 - Slightly Agree,4 - Slightly Agree,4 - Slightly Agree,4 - Slightly Agree,4 - Slightly Agree,No,,,,,,,,,,,,,,,,,,,,,,,,,,,,,,,,,,,,,,,,,,,,,,,,,,,,,,,,,,,,,,,,,,
2025-09-09 13:29:44,2025-09-09 13:40:41,IP Address,129.100.255.32,100,656,True,2025-09-09 13:40:41,R_7NFJGpWOCDseKiQ,,,,,43.0147,-81.3049,qr,EN,1,,Yes,No,,,,,,,,,,,,,,,,,,,,,,,,,,,,,,,,,,,,,,,,,,,,,,,,,,,,,,,,,,,,,,,,,,,,,,,,,,,,,,,,,,,,,,,,,,,,,,,,,,,,4 - I am not sure / I don't know.,,No,,,,,,5 - Strongly Agree,3 - Neutral,4 - Slightly Agree,4 - Slightly Agree,4 - Slightly Agree,3 - Neutral,4 - Slightly Agree,Unsure/Prefer not to answer,5 - Strongly Agree,4 - Slightly Agree,4 - Slightly Agree,4 - Slightly Agree,4 - Slightly Agree,4 - Slightly Agree,4 - Slightly Agree,3 - Neutral,5 - Strongly Agree,3 - Neutral,4 - Slightly Agree,4 - Slightly Agree,4 - Slightly Agree,4 - Slightly Agree,4 - Slightly Agree,Unsure/Prefer not to answer,5 - Strongly Agree,4 - Slightly Agree,4 - Slightly Agree,4 - Slightly Agree,4 - Slightly Agree,4 - Slightly Agree,4 - Slightly Agree,4 - Slightly Agree,No,,,,,,,,,,,,,,,,,,,,,,,,,,,,,,,,,,,,,,,,,,,,,,,,,,,,,,,,,,,,,,,,,,
2025-09-09 13:54:09,2025-09-09 14:25:42,IP Address,72.139.199.59,100,1892,True,2025-09-09 14:25:43,R_7saNzrr234LIchX,,,,,43.6922,-79.4309,qr,EN,1,,Yes,No,,,,,,,,,,,,,,,,,,,,,,,,,,,,,,,,,,,,,,,,,,,,,,,,,,,,,,,,,,,,,,,,,,,,,,,,,,,,,,,,,,,,,,,,,,,,,,,,,,,,"3 - They should be used, no matter if they help the borrower or not.",,Yes,25 - 34,Male,Master's degree,Middle East / North Africa,Technology or IT,,,,,,,,,,,,,,,,,,,,,,,,,,,,,,,,,,,,,,,,,,,,,,,,,,,,,,,,,,,,,,,,,,,5 - Strongly Agree,4 - Slightly Agree,4 - Slightly Agree,2 - Slightly Disagree,4 - Slightly Agree,4 - Slightly Agree,4 - Slightly Agree,4 - Slightly Agree,2 - Slightly Disagree,4 - Slightly Agree,2 - Slightly Disagree,1 - Strongly Disagree,5 - Strongly Agree,2 - Slightly Disagree,2 - Slightly Disagree,1 - Strongly Disagree,4 - Slightly Agree,2 - Slightly Disagree,4 - Slightly Agree,5 - Strongly Agree,4 - Slightly Agree,4 - Slightly Agree,4 - Slightly Agree,5 - Strongly Agree,2 - Slightly Disagree,2 - Slightly Disagree,4 - Slightly Agree,4 - Slightly Agree,3 - Neutral,4 - Slightly Agree,4 - Slightly Agree,4 - Slightly Agree,No
2025-09-02 16:20:35,2025-09-02 16:21:07,IP Address,216.165.213.162,5,31,False,2025-09-09 16:21:07,R_5A3kLmjjZTSpFqF,,,,,43.7051,-79.3373,anonymous,EN,0.8999999761581421,,Yes,Yes,,,,,,,,,,,,,,,,,,,,,,,,,,,,,,,,,,,,,,,,,,,,,,,,,,,,,,,,,,,,,,,,,,,,,,,,,,,,,,,,,,,,,,,,,,,,,,,,,,,,,,,,,,,,,,,,,,,,,,,,,,,,,,,,,,,,,,,,,,,,,,,,,,,,,,,,,,,,,,,,,,,,,,,,,,,,,,,,,,,,,,,,,,,,,,,,,,,,,,,,,,,,,,
2025-09-02 21:10:28,2025-09-02 21:11:17,IP Address,74.14.14.89,53,49,False,2025-09-09 21:11:20,R_7oFwOfDqtvxLaZM,,,,,42.9979,-81.2602,anonymous,EN,1,,Yes,No,,,,,,,,,,,,,,,,,,,,,,,,,,,,,,,,,,,,,,,,,,,,,,,,,,,,,,,,,,,,,,,,,,,,,,,,,,,,,,,,,,,,,,,,,,,,,,,,,,,,,,,,,,,,,,,,,,,,,,,,,,,,,,,,,,,,,,,,,,,,,,,,,,,,,,,,,,,,,,,,,,,,,,,,,,,,,,,,,,,,,,,,,,,,,,,,,,,,,,,,,,,,,,
2025-09-03 08:03:33,2025-09-03 08:16:49,IP Address,168.149.130.14,53,795,False,2025-09-10 08:16:54,R_1fOEJ1SRDYd92V1,,,,,43.6547,-79.3623,anonymous,EN,1,,Yes,No,,,,,,,,,,,,,,,,,,,,,,,,,,,,,,,,,,,,,,,,,,,,,,,,,,,,,,,,,,,,,,,,,,,,,,,,,,,,,,,,,,,,,,,,,,,,,,,,,,,,,,,,,,,,,,,,,,,,,,,,,,,,,,,,,,,,,,,,,,,,,,,,,,,,,,,,,,,,,,,,,,,,,,,,,,,,,,,,,,,,,,,,,,,,,,,,,,,,,,,,,,,,,,
2025-09-10 09:46:12,2025-09-10 09:52:17,IP Address,129.100.255.30,100,365,True,2025-09-10 09:52:18,R_3fAI0t7RpytU3wl,,,,,43.0147,-81.3049,anonymous,EN,1,,Yes,No,,,,,,,,,,,,,,,,,,,,,,,,,,,,,,,,,,,,,,,,,,,,,,,,,,,,,,,,,,,,,,,,,,,,,,,,,,,,,,,,,,,,,,,,,,,,,,,,,,,,1 - They should never be used.,,No,,,,,,5 - Strongly Agree,4 - Slightly Agree,4 - Slightly Agree,4 - Slightly Agree,4 - Slightly Agree,5 - Strongly Agree,5 - Strongly Agree,4 - Slightly Agree,5 - Strongly Agree,5 - Strongly Agree,5 - Strongly Agree,5 - Strongly Agree,5 - Strongly Agree,5 - Strongly Agree,5 - Strongly Agree,5 - Strongly Agree,4 - Slightly Agree,4 - Slightly Agree,5 - Strongly Agree,4 - Slightly Agree,3 - Neutral,4 - Slightly Agree,5 - Strongly Agree,5 - Strongly Agree,4 - Slightly Agree,4 - Slightly Agree,4 - Slightly Agree,4 - Slightly Agree,3 - Neutral,3 - Neutral,4 - Slightly Agree,3 - Neutral,No,,,,,,,,,,,,,,,,,,,,,,,,,,,,,,,,,,,,,,,,,,,,,,,,,,,,,,,,,,,,,,,,,,
2025-09-10 09:49:40,2025-09-10 10:00:08,IP Address,129.100.255.80,100,628,True,2025-09-10 10:00:09,R_1cVsiQAQkBaTdgR,,,,,43.0147,-81.3049,qr,EN,1,,Yes,No,,,,,,,,,,,,,,,,,,,,,,,,,,,,,,,,,,,,,,,,,,,,,,,,,,,,,,,,,,,,,,,,,,,,,,,,,,,,,,,,,,,,,,,,,,,,,,,,,,,,"3 - They should be used, no matter if they help the borrower or not.",,No,,,,,,4 - Slightly Agree,4 - Slightly Agree,4 - Slightly Agree,5 - Strongly Agree,4 - Slightly Agree,4 - Slightly Agree,5 - Strongly Agree,4 - Slightly Agree,5 - Strongly Agree,4 - Slightly Agree,5 - Strongly Agree,4 - Slightly Agree,4 - Slightly Agree,5 - Strongly Agree,5 - Strongly Agree,4 - Slightly Agree,5 - Strongly Agree,4 - Slightly Agree,5 - Strongly Agree,5 - Strongly Agree,4 - Slightly Agree,4 - Slightly Agree,5 - Strongly Agree,5 - Strongly Agree,3 - Neutral,4 - Slightly Agree,4 - Slightly Agree,3 - Neutral,3 - Neutral,3 - Neutral,5 - Strongly Agree,3 - Neutral,No,,,,,,,,,,,,,,,,,,,,,,,,,,,,,,,,,,,,,,,,,,,,,,,,,,,,,,,,,,,,,,,,,,
2025-09-10 09:56:32,2025-09-10 10:03:48,IP Address,129.100.255.36,100,435,True,2025-09-10 10:03:48,R_5N5CrP74baIdUbL,,,,,43.0147,-81.3049,anonymous,EN,1,,Yes,No,,,,,,,,,,,,,,,,,,,,,,,,,,,,,,,,,,,,,,,,,,,,,,,,,,,,,,,,,,,,,,,,,,,,,,,,,,,,,,,,,,,,,,,,,,,,,,,,,,,,"3 - They should be used, no matter if they help the borrower or not.",,Yes,25 - 34,Male,Bachelor's degree,South America,Technology or IT,,,,,,,,,,,,,,,,,,,,,,,,,,,,,,,,,,5 - Strongly Agree,5 - Strongly Agree,5 - Strongly Agree,5 - Strongly Agree,5 - Strongly Agree,5 - Strongly Agree,4 - Slightly Agree,5 - Strongly Agree,4 - Slightly Agree,4 - Slightly Agree,5 - Strongly Agree,4 - Slightly Agree,5 - Strongly Agree,5 - Strongly Agree,2 - Slightly Disagree,5 - Strongly Agree,4 - Slightly Agree,4 - Slightly Agree,4 - Slightly Agree,4 - Slightly Agree,4 - Slightly Agree,4 - Slightly Agree,2 - Slightly Disagree,4 - Slightly Agree,5 - Strongly Agree,5 - Strongly Agree,5 - Strongly Agree,5 - Strongly Agree,5 - Strongly Agree,5 - Strongly Agree,5 - Strongly Agree,4 - Slightly Agree,No,,,,,,,,,,,,,,,,,,,,,,,,,,,,,,,,,
2025-09-10 10:02:00,2025-09-10 10:06:22,IP Address,129.100.255.37,100,261,True,2025-09-10 10:06:23,R_1y2egkLyBzhUyxm,,,,,43.0147,-81.3049,anonymous,EN,1,,Yes,Yes,4 - Slightly Agree,5 - Strongly Agree,5 - Strongly Agree,4 - Slightly Agree,4 - Slightly Agree,4 - Slightly Agree,5 - Strongly Agree,3 - Neutral,5 - Strongly Agree,5 - Strongly Agree,5 - Strongly Agree,5 - Strongly Agree,5 - Strongly Agree,5 - Strongly Agree,5 - Strongly Agree,5 - Strongly Agree,5 - Strongly Agree,5 - Strongly Agree,5 - Strongly Agree,5 - Strongly Agree,5 - Strongly Agree,5 - Strongly Agree,5 - Strongly Agree,5 - Strongly Agree,3 - Neutral,5 - Strongly Agree,5 - Strongly Agree,5 - Strongly Agree,5 - Strongly Agree,5 - Strongly Agree,5 - Strongly Agree,5 - Strongly Agree,No,,,,,,,,,,,,,,,,,,,,,,,,,,,,,,,,,,,,,,,,,,,,,,,,,,,,,,,,,,,,,,,,,,,"3 - They should be used, no matter if they help the borrower or not.",,Yes,18 - 24,Female,Bachelor's degree,North America,Student,,,,,,,,,,,,,,,,,,,,,,,,,,,,,,,,,,,,,,,,,,,,,,,,,,,,,,,,,,,,,,,,,,,,,,,,,,,,,,,,,,,,,,,,,,,,,,,,,,,
2025-09-10 11:00:39,2025-09-10 11:09:42,IP Address,72.136.120.103,100,542,True,2025-09-10 11:09:42,R_3wf7hey3pEGrqYp,,,,,43.6653,-79.4343,qr,EN,1,,Yes,No,,,,,,,,,,,,,,,,,,,,,,,,,,,,,,,,,,,,,,,,,,,,,,,,,,,,,,,,,,,,,,,,,,,,,,,,,,,,,,,,,,,,,,,,,,,,,,,,,,,,4 - I am not sure / I don't know.,,No,,,,,,,,,,,,,,,,,,,,,,,,,,,,,,,,,,,,,,,2 - Slightly Disagree,4 - Slightly Agree,3 - Neutral,2 - Slightly Disagree,5 - Strongly Agree,1 - Strongly Disagree,2 - Slightly Disagree,2 - Slightly Disagree,2 - Slightly Disagree,4 - Slightly Agree,4 - Slightly Agree,3 - Neutral,5 - Strongly Agree,1 - Strongly Disagree,3 - Neutral,2 - Slightly Disagree,4 - Slightly Agree,2 - Slightly Disagree,4 - Slightly Agree,1 - Strongly Disagree,4 - Slightly Agree,3 - Neutral,3 - Neutral,1 - Strongly Disagree,2 - Slightly Disagree,4 - Slightly Agree,3 - Neutral,3 - Neutral,5 - Strongly Agree,2 - Slightly Disagree,3 - Neutral,1 - Strongly Disagree,No,,,,,,,,,,,,,,,,,,,,,,,,,,,,,,,,,
2025-09-10 11:00:41,2025-09-10 11:11:50,IP Address,129.100.255.80,100,668,True,2025-09-10 11:11:51,R_1P7ERT4jGJ3Ouoh,,,,,43.0147,-81.3049,qr,EN,1,,Yes,No,,,,,,,,,,,,,,,,,,,,,,,,,,,,,,,,,,,,,,,,,,,,,,,,,,,,,,,,,,,,,,,,,,,,,,,,,,,,,,,,,,,,,,,,,,,,,,,,,,,,4 - I am not sure / I don't know.,,No,,,,,,,,,,,,,,,,,,,,,,,,,,,,,,,,,,,,,,,4 - Slightly Agree,3 - Neutral,5 - Strongly Agree,4 - Slightly Agree,3 - Neutral,4 - Slightly Agree,5 - Strongly Agree,4 - Slightly Agree,4 - Slightly Agree,3 - Neutral,4 - Slightly Agree,4 - Slightly Agree,3 - Neutral,4 - Slightly Agree,5 - Strongly Agree,4 - Slightly Agree,5 - Strongly Agree,5 - Strongly Agree,5 - Strongly Agree,5 - Strongly Agree,4 - Slightly Agree,5 - Strongly Agree,4 - Slightly Agree,5 - Strongly Agree,5 - Strongly Agree,4 - Slightly Agree,5 - Strongly Agree,5 - Strongly Agree,4 - Slightly Agree,5 - Strongly Agree,4 - Slightly Agree,4 - Slightly Agree,No,,,,,,,,,,,,,,,,,,,,,,,,,,,,,,,,,
2025-09-03 10:35:44,2025-09-04 02:36:03,IP Address,62.210.123.29,62,57618,False,2025-09-11 02:36:07,R_8WeQL5tZ8G66ziV,,,,,48.8558,2.3494,anonymous,EN,0.8999999761581421,,Yes,No,,,,,,,,,,,,,,,,,,,,,,,,,,,,,,,,,,,,,,,,,,,,,,,,,,,,,,,,,,,,,,,,,,,,,,,,,,,,,,,,,,,,,,,,,,,,,,,,,,,,,,,,,,,,4 - Slightly Agree,5 - Strongly Agree,5 - Strongly Agree,5 - Strongly Agree,5 - Strongly Agree,5 - Strongly Agree,4 - Slightly Agree,5 - Strongly Agree,,,,,,,,,,,,,,,,,,,,,,,,,,,,,,,,,,,,,,,,,,,,,,,,,,,,,,,,,,,,,,,,,,,,,,,,,,,,,,,,,,,,,,,,,,,
2025-09-11 08:05:29,2025-09-11 08:19:51,IP Address,130.208.103.36,100,861,True,2025-09-11 08:19:51,R_2QRGyNRtiCqAyGt,,,,,64.1336,-21.8934,anonymous,EN,1,,Yes,No,,,,,,,,,,,,,,,,,,,,,,,,,,,,,,,,,,,,,,,,,,,,,,,,,,,,,,,,,,,,,,,,,,,,,,,,,,,,,,,,,,,,,,,,,,,,,,,,,,,,2 - They should be used only if they help the borrower secure a loan.,I did two rounds and I think the 4 prompts were the same in both rounds,Yes,25 - 34,Male,Bachelor's degree,Western & Northern Europe,Student,4 - Slightly Agree,3 - Neutral,4 - Slightly Agree,3 - Neutral,3 - Neutral,4 - Slightly Agree,5 - Strongly Agree,3 - Neutral,5 - Strongly Agree,4 - Slightly Agree,4 - Slightly Agree,4 - Slightly Agree,4 - Slightly Agree,5 - Strongly Agree,4 - Slightly Agree,4 - Slightly Agree,5 - Strongly Agree,4 - Slightly Agree,5 - Strongly Agree,3 - Neutral,3 - Neutral,4 - Slightly Agree,4 - Slightly Agree,4 - Slightly Agree,4 - Slightly Agree,3 - Neutral,2 - Slightly Disagree,3 - Neutral,2 - Slightly Disagree,3 - Neutral,4 - Slightly Agree,3 - Neutral,Yes,,,,,,,,,,,,,,,,,,,,,,,,,,,,,,,,,,5 - Strongly Agree,4 - Slightly Agree,4 - Slightly Agree,4 - Slightly Agree,3 - Neutral,4 - Slightly Agree,5 - Strongly Agree,4 - Slightly Agree,4 - Slightly Agree,3 - Neutral,2 - Slightly Disagree,4 - Slightly Agree,2 - Slightly Disagree,2 - Slightly Disagree,3 - Neutral,3 - Neutral,4 - Slightly Agree,4 - Slightly Agree,5 - Strongly Agree,5 - Strongly Agree,5 - Strongly Agree,5 - Strongly Agree,5 - Strongly Agree,4 - Slightly Agree,4 - Slightly Agree,3 - Neutral,4 - Slightly Agree,4 - Slightly Agree,3 - Neutral,3 - Neutral,4 - Slightly Agree,3 - Neutral,No
2025-09-11 09:00:10,2025-09-11 09:22:12,IP Address,31.218.99.174,100,1321,True,2025-09-11 09:22:13,R_9v617RHx1u1a53K,,,,,24.4542,54.406,anonymous,EN,0.8999999761581421,,Yes,Yes,,,,,,,,,,,,,,,,,,,,,,,,,,,,,,,,,,4 - Slightly Agree,3 - Neutral,3 - Neutral,3 - Neutral,3 - Neutral,3 - Neutral,3 - Neutral,3 - Neutral,5 - Strongly Agree,3 - Neutral,4 - Slightly Agree,4 - Slightly Agree,4 - Slightly Agree,4 - Slightly Agree,4 - Slightly Agree,4 - Slightly Agree,5 - Strongly Agree,4 - Slightly Agree,4 - Slightly Agree,4 - Slightly Agree,4 - Slightly Agree,4 - Slightly Agree,5 - Strongly Agree,5 - Strongly Agree,5 - Strongly Agree,4 - Slightly Agree,4 - Slightly Agree,4 - Slightly Agree,4 - Slightly Agree,4 - Slightly Agree,4 - Slightly Agree,4 - Slightly Agree,No,5 - Strongly Agree,2 - Slightly Disagree,2 - Slightly Disagree,2 - Slightly Disagree,2 - Slightly Disagree,2 - Slightly Disagree,2 - Slightly Disagree,2 - Slightly Disagree,4 - Slightly Agree,2 - Slightly Disagree,2 - Slightly Disagree,2 - Slightly Disagree,2 - Slightly Disagree,2 - Slightly Disagree,2 - Slightly Disagree,2 - Slightly Disagree,5 - Strongly Agree,2 - Slightly Disagree,2 - Slightly Disagree,2 - Slightly Disagree,2 - Slightly Disagree,2 - Slightly Disagree,2 - Slightly Disagree,2 - Slightly Disagree,5 - Strongly Agree,2 - Slightly Disagree,2 - Slightly Disagree,2 - Slightly Disagree,2 - Slightly Disagree,2 - Slightly Disagree,2 - Slightly Disagree,2 - Slightly Disagree,Yes,2 - They should be used only if they help the borrower secure a loan.,"Thank you, it is an engaging survey. All the best.",Yes,35 - 44,Male,"Doctorate or professional degree (PhD, JD, MD, etc.)",Middle East / North Africa,Education,,,,,,,,,,,,,,,,,,,,,,,,,,,,,,,,,,,,,,,,,,,,,,,,,,,,,,,,,,,,,,,,,,,,,,,,,,,,,,,,,,,,,,,,,,,,,,,,,,,
2025-09-11 09:32:06,2025-09-11 09:40:47,IP Address,70.54.59.55,100,521,True,2025-09-11 09:40:48,R_5fZ9Z1zIpMYjt5l,,,,,43.6508,-79.4803,anonymous,EN,1,,Yes,Yes,4 - Slightly Agree,4 - Slightly Agree,4 - Slightly Agree,5 - Strongly Agree,4 - Slightly Agree,4 - Slightly Agree,4 - Slightly Agree,4 - Slightly Agree,4 - Slightly Agree,4 - Slightly Agree,5 - Strongly Agree,2 - Slightly Disagree,3 - Neutral,4 - Slightly Agree,3 - Neutral,4 - Slightly Agree,5 - Strongly Agree,4 - Slightly Agree,3 - Neutral,4 - Slightly Agree,4 - Slightly Agree,5 - Strongly Agree,4 - Slightly Agree,4 - Slightly Agree,5 - Strongly Agree,4 - Slightly Agree,5 - Strongly Agree,5 - Strongly Agree,5 - Strongly Agree,5 - Strongly Agree,5 - Strongly Agree,4 - Slightly Agree,No,,,,,,,,,,,,,,,,,,,,,,,,,,,,,,,,,,,,,,,,,,,,,,,,,,,,,,,,,,,,,,,,,,,4 - I am not sure / I don't know.,,No,,,,,,,,,,,,,,,,,,,,,,,,,,,,,,,,,,,,,,,,,,,,,,,,,,,,,,,,,,,,,,,,,,,,,,,,,,,,,,,,,,,,,,,,,,,,,,,,,,,,,,,,
2025-09-11 09:45:46,2025-09-11 09:56:48,IP Address,129.100.255.61,100,662,True,2025-09-11 09:56:49,R_1d19JRRCO8HmcQ0,,,,,42.9979,-81.2602,qr,EN,0.8999999761581421,,Yes,Yes,5 - Strongly Agree,5 - Strongly Agree,4 - Slightly Agree,5 - Strongly Agree,5 - Strongly Agree,5 - Strongly Agree,5 - Strongly Agree,5 - Strongly Agree,5 - Strongly Agree,4 - Slightly Agree,4 - Slightly Agree,3 - Neutral,4 - Slightly Agree,4 - Slightly Agree,5 - Strongly Agree,5 - Strongly Agree,5 - Strongly Agree,4 - Slightly Agree,4 - Slightly Agree,5 - Strongly Agree,5 - Strongly Agree,4 - Slightly Agree,5 - Strongly Agree,5 - Strongly Agree,5 - Strongly Agree,5 - Strongly Agree,5 - Strongly Agree,5 - Strongly Agree,5 - Strongly Agree,5 - Strongly Agree,5 - Strongly Agree,5 - Strongly Agree,No,,,,,,,,,,,,,,,,,,,,,,,,,,,,,,,,,,5 - Strongly Agree,4 - Slightly Agree,4 - Slightly Agree,3 - Neutral,4 - Slightly Agree,4 - Slightly Agree,5 - Strongly Agree,3 - Neutral,5 - Strongly Agree,4 - Slightly Agree,4 - Slightly Agree,3 - Neutral,4 - Slightly Agree,4 - Slightly Agree,4 - Slightly Agree,4 - Slightly Agree,5 - Strongly Agree,5 - Strongly Agree,5 - Strongly Agree,5 - Strongly Agree,5 - Strongly Agree,5 - Strongly Agree,5 - Strongly Agree,5 - Strongly Agree,5 - Strongly Agree,5 - Strongly Agree,5 - Strongly Agree,5 - Strongly Agree,5 - Strongly Agree,5 - Strongly Agree,5 - Strongly Agree,5 - Strongly Agree,Yes,4 - I am not sure / I don't know.,,Yes,18 - 24,Female,Some college or university,North America,Technology or IT,,,,,,,,,,,,,,,,,,,,,,,,,,,,,,,,,,,,,,,,,,,,,,,,,,,,,,,,,,,,,,,,,,,,,,,,,,,,,,,,,,,,,,,,,,,,,,,,,,,
2025-09-11 09:46:03,2025-09-11 09:59:04,IP Address,129.100.255.83,100,780,True,2025-09-11 09:59:05,R_7178l6vB2giEoov,,,,,42.9979,-81.2602,qr,EN,1,,Yes,No,,,,,,,,,,,,,,,,,,,,,,,,,,,,,,,,,,,,,,,,,,,,,,,,,,,,,,,,,,,,,,,,,,,,,,,,,,,,,,,,,,,,,,,,,,,,,,,,,,,,4 - I am not sure / I don't know.,"I don't really understand these financial terms cause i never learned about it :"")) ",Yes,18 - 24,Female,Some college or university,North America,Technology or IT,,,,,,,,,,,,,,,,,,,,,,,,,,,,,,,,,,4 - Slightly Agree,4 - Slightly Agree,5 - Strongly Agree,4 - Slightly Agree,3 - Neutral,4 - Slightly Agree,3 - Neutral,3 - Neutral,5 - Strongly Agree,5 - Strongly Agree,5 - Strongly Agree,4 - Slightly Agree,4 - Slightly Agree,5 - Strongly Agree,4 - Slightly Agree,4 - Slightly Agree,4 - Slightly Agree,4 - Slightly Agree,4 - Slightly Agree,4 - Slightly Agree,5 - Strongly Agree,5 - Strongly Agree,4 - Slightly Agree,3 - Neutral,3 - Neutral,3 - Neutral,4 - Slightly Agree,3 - Neutral,3 - Neutral,3 - Neutral,3 - Neutral,3 - Neutral,No,,,,,,,,,,,,,,,,,,,,,,,,,,,,,,,,,
2025-09-11 12:00:23,2025-09-11 12:07:54,IP Address,109.43.112.58,100,451,True,2025-09-11 12:07:55,R_8q1zTrq8oP1fz54,,,,,50.1259,8.6779,anonymous,EN,1,,Yes,No,,,,,,,,,,,,,,,,,,,,,,,,,,,,,,,,,,,,,,,,,,,,,,,,,,,,,,,,,,,,,,,,,,,,,,,,,,,,,,,,,,,,,,,,,,,,,,,,,,,,1 - They should never be used.,,Yes,25 - 34,Female,Master's degree,Western & Northern Europe,Research / Academia,4 - Slightly Agree,2 - Slightly Disagree,5 - Strongly Agree,3 - Neutral,2 - Slightly Disagree,5 - Strongly Agree,5 - Strongly Agree,2 - Slightly Disagree,5 - Strongly Agree,2 - Slightly Disagree,4 - Slightly Agree,2 - Slightly Disagree,4 - Slightly Agree,2 - Slightly Disagree,4 - Slightly Agree,2 - Slightly Disagree,4 - Slightly Agree,2 - Slightly Disagree,4 - Slightly Agree,2 - Slightly Disagree,1 - Strongly Disagree,2 - Slightly Disagree,4 - Slightly Agree,2 - Slightly Disagree,4 - Slightly Agree,1 - Strongly Disagree,4 - Slightly Agree,2 - Slightly Disagree,1 - Strongly Disagree,4 - Slightly Agree,4 - Slightly Agree,1 - Strongly Disagree,No,,,,,,,,,,,,,,,,,,,,,,,,,,,,,,,,,,,,,,,,,,,,,,,,,,,,,,,,,,,,,,,,,,
2025-09-11 12:11:22,2025-09-11 12:21:38,IP Address,46.22.109.191,100,616,True,2025-09-11 12:21:39,R_2LiHP8OoK5yt704,,,,,64.1336,-21.8934,anonymous,EN,1,,Yes,No,,,,,,,,,,,,,,,,,,,,,,,,,,,,,,,,,,,,,,,,,,,,,,,,,,,,,,,,,,,,,,,,,,,,,,,,,,,,,,,,,,,,,,,,,,,,,,,,,,,,2 - They should be used only if they help the borrower secure a loan.,,Yes,25 - 34,Male,"Doctorate or professional degree (PhD, JD, MD, etc.)",Western & Northern Europe,Research / Academia,,,,,,,,,,,,,,,,,,,,,,,,,,,,,,,,,,,,,,,,,,,,,,,,,,,,,,,,,,,,,,,,,,,5 - Strongly Agree,3 - Neutral,4 - Slightly Agree,4 - Slightly Agree,4 - Slightly Agree,4 - Slightly Agree,5 - Strongly Agree,4 - Slightly Agree,1 - Strongly Disagree,3 - Neutral,4 - Slightly Agree,2 - Slightly Disagree,4 - Slightly Agree,2 - Slightly Disagree,1 - Strongly Disagree,1 - Strongly Disagree,2 - Slightly Disagree,3 - Neutral,3 - Neutral,2 - Slightly Disagree,3 - Neutral,2 - Slightly Disagree,2 - Slightly Disagree,2 - Slightly Disagree,5 - Strongly Agree,3 - Neutral,5 - Strongly Agree,5 - Strongly Agree,4 - Slightly Agree,4 - Slightly Agree,5 - Strongly Agree,5 - Strongly Agree,No
2025-09-11 12:39:38,2025-09-11 12:56:03,IP Address,174.88.28.13,100,984,True,2025-09-11 12:56:04,R_7KJxIYuvrMM2uTJ,,,,,42.9515,-81.3386,anonymous,EN,1,,Yes,Yes,5 - Strongly Agree,4 - Slightly Agree,4 - Slightly Agree,4 - Slightly Agree,4 - Slightly Agree,4 - Slightly Agree,5 - Strongly Agree,4 - Slightly Agree,5 - Strongly Agree,4 - Slightly Agree,4 - Slightly Agree,4 - Slightly Agree,4 - Slightly Agree,4 - Slightly Agree,5 - Strongly Agree,4 - Slightly Agree,5 - Strongly Agree,4 - Slightly Agree,4 - Slightly Agree,4 - Slightly Agree,4 - Slightly Agree,4 - Slightly Agree,5 - Strongly Agree,4 - Slightly Agree,5 - Strongly Agree,4 - Slightly Agree,4 - Slightly Agree,4 - Slightly Agree,4 - Slightly Agree,4 - Slightly Agree,5 - Strongly Agree,4 - Slightly Agree,No,,,,,,,,,,,,,,,,,,,,,,,,,,,,,,,,,,,,,,,,,,,,,,,,,,,,,,,,,,,,,,,,,,,4 - I am not sure / I don't know.,,Yes,45 - 54,Female,"Doctorate or professional degree (PhD, JD, MD, etc.)",North America,Education,,,,,,,,,,,,,,,,,,,,,,,,,,,,,,,,,,,,,,,,,,,,,,,,,,,,,,,,,,,,,,,,,,,,,,,,,,,,,,,,,,,,,,,,,,,,,,,,,,,
2025-09-11 14:20:40,2025-09-11 14:37:34,IP Address,129.100.255.25,100,1014,True,2025-09-11 14:37:34,R_1GQzwnOkqbLMtiG,,,,,42.9979,-81.2602,qr,EN,1,,Yes,Yes,4 - Slightly Agree,4 - Slightly Agree,5 - Strongly Agree,2 - Slightly Disagree,5 - Strongly Agree,5 - Strongly Agree,5 - Strongly Agree,5 - Strongly Agree,5 - Strongly Agree,4 - Slightly Agree,5 - Strongly Agree,4 - Slightly Agree,5 - Strongly Agree,5 - Strongly Agree,5 - Strongly Agree,5 - Strongly Agree,5 - Strongly Agree,2 - Slightly Disagree,5 - Strongly Agree,2 - Slightly Disagree,5 - Strongly Agree,4 - Slightly Agree,5 - Strongly Agree,5 - Strongly Agree,5 - Strongly Agree,4 - Slightly Agree,5 - Strongly Agree,5 - Strongly Agree,5 - Strongly Agree,4 - Slightly Agree,5 - Strongly Agree,5 - Strongly Agree,No,,,,,,,,,,,,,,,,,,,,,,,,,,,,,,,,,,4 - Slightly Agree,4 - Slightly Agree,5 - Strongly Agree,2 - Slightly Disagree,4 - Slightly Agree,4 - Slightly Agree,5 - Strongly Agree,4 - Slightly Agree,5 - Strongly Agree,4 - Slightly Agree,4 - Slightly Agree,4 - Slightly Agree,5 - Strongly Agree,5 - Strongly Agree,5 - Strongly Agree,5 - Strongly Agree,5 - Strongly Agree,4 - Slightly Agree,4 - Slightly Agree,2 - Slightly Disagree,5 - Strongly Agree,4 - Slightly Agree,5 - Strongly Agree,5 - Strongly Agree,5 - Strongly Agree,4 - Slightly Agree,5 - Strongly Agree,4 - Slightly Agree,5 - Strongly Agree,4 - Slightly Agree,5 - Strongly Agree,5 - Strongly Agree,Yes,"3 - They should be used, no matter if they help the borrower or not.","Is income and job (if employed etc) important, should that be incorporated ",Yes,18 - 24,Female,Bachelor's degree,North America,Finance or Banking,,,,,,,,,,,,,,,,,,,,,,,,,,,,,,,,,,,,,,,,,,,,,,,,,,,,,,,,,,,,,,,,,,,,,,,,,,,,,,,,,,,,,,,,,,,,,,,,,,,
2025-09-11 19:01:29,2025-09-11 19:50:00,IP Address,200.68.169.81,100,2911,True,2025-09-11 19:50:01,R_6PppJIEaPcRR4qc,,,,,19.0929,-98.2207,anonymous,EN,1,,Yes,No,,,,,,,,,,,,,,,,,,,,,,,,,,,,,,,,,,,,,,,,,,,,,,,,,,,,,,,,,,,,,,,,,,,,,,,,,,,,,,,,,,,,,,,,,,,,,,,,,,,,1 - They should never be used.,,No,,,,,,,,,,,,,,,,,,,,,,,,,,,,,,,,,,,,,,,,,,,,,,,,,,,,,,,,,,,,,,,,,,,,,,,,1 - Strongly Disagree,1 - Strongly Disagree,4 - Slightly Agree,1 - Strongly Disagree,2 - Slightly Disagree,1 - Strongly Disagree,2 - Slightly Disagree,4 - Slightly Agree,4 - Slightly Agree,4 - Slightly Agree,4 - Slightly Agree,2 - Slightly Disagree,2 - Slightly Disagree,3 - Neutral,4 - Slightly Agree,4 - Slightly Agree,3 - Neutral,2 - Slightly Disagree,4 - Slightly Agree,4 - Slightly Agree,1 - Strongly Disagree,4 - Slightly Agree,4 - Slightly Agree,4 - Slightly Agree,2 - Slightly Disagree,1 - Strongly Disagree,2 - Slightly Disagree,1 - Strongly Disagree,1 - Strongly Disagree,1 - Strongly Disagree,3 - Neutral,3 - Neutral,No
2025-09-11 20:39:10,2025-09-11 20:54:33,IP Address,99.234.126.143,100,922,True,2025-09-11 20:54:33,R_5DTAgzCWr5nxo4l,,,,,43.6661,-79.8065,anonymous,EN,0.8999999761581421,,Yes,Yes,,,,,,,,,,,,,,,,,,,,,,,,,,,,,,,,,,,,,,,,,,,,,,,,,,,,,,,,,,,,,,,,,,,2 - Slightly Disagree,5 - Strongly Agree,3 - Neutral,1 - Strongly Disagree,2 - Slightly Disagree,2 - Slightly Disagree,1 - Strongly Disagree,1 - Strongly Disagree,1 - Strongly Disagree,5 - Strongly Agree,3 - Neutral,2 - Slightly Disagree,4 - Slightly Agree,3 - Neutral,1 - Strongly Disagree,1 - Strongly Disagree,1 - Strongly Disagree,1 - Strongly Disagree,1 - Strongly Disagree,1 - Strongly Disagree,1 - Strongly Disagree,1 - Strongly Disagree,1 - Strongly Disagree,1 - Strongly Disagree,4 - Slightly Agree,2 - Slightly Disagree,2 - Slightly Disagree,2 - Slightly Disagree,2 - Slightly Disagree,2 - Slightly Disagree,2 - Slightly Disagree,2 - Slightly Disagree,No,2 - They should be used only if they help the borrower secure a loan.,,No,,,,,,,,,,,,,,,,,,,,,,,,,,,,,,,,,,,,,,,,,,,,,,,,,,,,,,,,,,,,,,,,,,,,,,,,,,,,,,,,,,,,,,,,,,,,,,,,,,,,,,,,
2025-09-12 09:34:05,2025-09-12 09:38:43,IP Address,129.100.255.80,100,278,True,2025-09-12 09:38:44,R_17jTqJRIa2xb7qN,,,,,42.9979,-81.2602,anonymous,EN,1,,Yes,Yes,,,,,,,,,,,,,,,,,,,,,,,,,,,,,,,,,,,,,,,,,,,,,,,,,,,,,,,,,,,,,,,,,,,5 - Strongly Agree,4 - Slightly Agree,5 - Strongly Agree,5 - Strongly Agree,5 - Strongly Agree,4 - Slightly Agree,5 - Strongly Agree,4 - Slightly Agree,5 - Strongly Agree,5 - Strongly Agree,5 - Strongly Agree,5 - Strongly Agree,5 - Strongly Agree,5 - Strongly Agree,5 - Strongly Agree,5 - Strongly Agree,5 - Strongly Agree,5 - Strongly Agree,5 - Strongly Agree,5 - Strongly Agree,5 - Strongly Agree,5 - Strongly Agree,5 - Strongly Agree,5 - Strongly Agree,5 - Strongly Agree,5 - Strongly Agree,5 - Strongly Agree,4 - Slightly Agree,5 - Strongly Agree,5 - Strongly Agree,5 - Strongly Agree,5 - Strongly Agree,No,"3 - They should be used, no matter if they help the borrower or not.","this is nice, maybe including more number details can be more convinced. ",Yes,25 - 34,Female,"Doctorate or professional degree (PhD, JD, MD, etc.)",North America,Finance or Banking,,,,,,,,,,,,,,,,,,,,,,,,,,,,,,,,,,,,,,,,,,,,,,,,,,,,,,,,,,,,,,,,,,,,,,,,,,,,,,,,,,,,,,,,,,,,,,,,,,,
2025-09-12 10:02:26,2025-09-12 10:04:25,IP Address,104.28.217.113,100,119,True,2025-09-12 10:04:26,R_6jUPtAVGCG4Krnp,,,,,42.9856,-81.2348,qr,EN,1,,Yes,No,,,,,,,,,,,,,,,,,,,,,,,,,,,,,,,,,,,,,,,,,,,,,,,,,,,,,,,,,,,,,,,,,,,,,,,,,,,,,,,,,,,,,,,,,,,,,,,,,,,,"3 - They should be used, no matter if they help the borrower or not.",,No,,,,,,5 - Strongly Agree,5 - Strongly Agree,5 - Strongly Agree,5 - Strongly Agree,3 - Neutral,3 - Neutral,4 - Slightly Agree,4 - Slightly Agree,5 - Strongly Agree,5 - Strongly Agree,5 - Strongly Agree,5 - Strongly Agree,5 - Strongly Agree,5 - Strongly Agree,5 - Strongly Agree,5 - Strongly Agree,5 - Strongly Agree,5 - Strongly Agree,5 - Strongly Agree,5 - Strongly Agree,5 - Strongly Agree,5 - Strongly Agree,5 - Strongly Agree,5 - Strongly Agree,5 - Strongly Agree,5 - Strongly Agree,5 - Strongly Agree,5 - Strongly Agree,5 - Strongly Agree,5 - Strongly Agree,4 - Slightly Agree,4 - Slightly Agree,No,,,,,,,,,,,,,,,,,,,,,,,,,,,,,,,,,,,,,,,,,,,,,,,,,,,,,,,,,,,,,,,,,,
2025-09-12 10:02:30,2025-09-12 10:05:41,IP Address,129.100.255.37,100,191,True,2025-09-12 10:05:42,R_7qou5PKo673v0A1,,,,,42.9979,-81.2602,qr,EN,0.8999999761581421,,Yes,No,,,,,,,,,,,,,,,,,,,,,,,,,,,,,,,,,,,,,,,,,,,,,,,,,,,,,,,,,,,,,,,,,,,,,,,,,,,,,,,,,,,,,,,,,,,,,,,,,,,,2 - They should be used only if they help the borrower secure a loan.,,No,,,,,,,,,,,,,,,,,,,,,,,,,,,,,,,,,,,,,,,5 - Strongly Agree,5 - Strongly Agree,5 - Strongly Agree,5 - Strongly Agree,5 - Strongly Agree,5 - Strongly Agree,5 - Strongly Agree,5 - Strongly Agree,5 - Strongly Agree,5 - Strongly Agree,5 - Strongly Agree,5 - Strongly Agree,5 - Strongly Agree,5 - Strongly Agree,5 - Strongly Agree,5 - Strongly Agree,5 - Strongly Agree,5 - Strongly Agree,5 - Strongly Agree,5 - Strongly Agree,5 - Strongly Agree,5 - Strongly Agree,5 - Strongly Agree,5 - Strongly Agree,5 - Strongly Agree,5 - Strongly Agree,5 - Strongly Agree,5 - Strongly Agree,5 - Strongly Agree,5 - Strongly Agree,5 - Strongly Agree,5 - Strongly Agree,No,,,,,,,,,,,,,,,,,,,,,,,,,,,,,,,,,
2025-09-12 10:02:26,2025-09-12 10:05:45,IP Address,129.100.255.30,100,198,True,2025-09-12 10:05:46,R_6MmbqCWM9XOhhwl,,,,,42.9979,-81.2602,qr,EN,0.8999999761581421,,Yes,No,,,,,,,,,,,,,,,,,,,,,,,,,,,,,,,,,,,,,,,,,,,,,,,,,,,,,,,,,,,,,,,,,,,,,,,,,,,,,,,,,,,,,,,,,,,,,,,,,,,,2 - They should be used only if they help the borrower secure a loan.,,No,,,,,,,,,,,,,,,,,,,,,,,,,,,,,,,,,,,,,,,5 - Strongly Agree,4 - Slightly Agree,4 - Slightly Agree,4 - Slightly Agree,5 - Strongly Agree,5 - Strongly Agree,5 - Strongly Agree,5 - Strongly Agree,5 - Strongly Agree,5 - Strongly Agree,4 - Slightly Agree,5 - Strongly Agree,5 - Strongly Agree,4 - Slightly Agree,4 - Slightly Agree,4 - Slightly Agree,5 - Strongly Agree,4 - Slightly Agree,3 - Neutral,4 - Slightly Agree,4 - Slightly Agree,5 - Strongly Agree,5 - Strongly Agree,5 - Strongly Agree,5 - Strongly Agree,5 - Strongly Agree,5 - Strongly Agree,5 - Strongly Agree,5 - Strongly Agree,5 - Strongly Agree,5 - Strongly Agree,4 - Slightly Agree,No,,,,,,,,,,,,,,,,,,,,,,,,,,,,,,,,,
2025-09-12 10:06:32,2025-09-12 10:48:34,IP Address,99.242.193.0,100,2521,True,2025-09-12 10:48:34,R_6l6mRNd3DWL3VQl,,,,,43.5903,-79.7598,qr,EN,0.8999999761581421,,Yes,No,,,,,,,,,,,,,,,,,,,,,,,,,,,,,,,,,,,,,,,,,,,,,,,,,,,,,,,,,,,,,,,,,,,,,,,,,,,,,,,,,,,,,,,,,,,,,,,,,,,,2 - They should be used only if they help the borrower secure a loan.,Too many words to read,Yes,18 - 24,Male,Bachelor's degree,North America,Student,,,,,,,,,,,,,,,,,,,,,,,,,,,,,,,,,,,,,,,,,,,,,,,,,,,,,,,,,,,,,,,,,,,2 - Slightly Disagree,4 - Slightly Agree,3 - Neutral,2 - Slightly Disagree,3 - Neutral,4 - Slightly Agree,2 - Slightly Disagree,2 - Slightly Disagree,1 - Strongly Disagree,1 - Strongly Disagree,1 - Strongly Disagree,3 - Neutral,3 - Neutral,1 - Strongly Disagree,2 - Slightly Disagree,2 - Slightly Disagree,2 - Slightly Disagree,3 - Neutral,3 - Neutral,3 - Neutral,3 - Neutral,3 - Neutral,2 - Slightly Disagree,2 - Slightly Disagree,2 - Slightly Disagree,2 - Slightly Disagree,2 - Slightly Disagree,2 - Slightly Disagree,2 - Slightly Disagree,2 - Slightly Disagree,3 - Neutral,2 - Slightly Disagree,No
2025-09-05 13:31:55,2025-09-05 14:31:21,IP Address,72.136.113.1,5,3566,False,2025-09-12 14:31:28,R_6Y9D3rFYSP619rG,,,,,43.7425,-79.472,qr,EN,0.8999999761581421,,Yes,Yes,,,,,,,,,,,,,,,,,,,,,,,,,,,,,,,,,,,,,,,,,,,,,,,,,,,,,,,,,,,,,,,,,,,,,,,,,,,,,,,,,,,,,,,,,,,,,,,,,,,,,,,,,,,,,,,,,,,,,,,,,,,,,,,,,,,,,,,,,,,,,,,,,,,,,,,,,,,,,,,,,,,,,,,,,,,,,,,,,,,,,,,,,,,,,,,,,,,,,,,,,,,,,,
2025-09-12 14:37:51,2025-09-12 14:44:28,IP Address,129.100.255.83,100,396,True,2025-09-12 14:44:28,R_1AOnpTFvPANHYFX,,,,,42.9979,-81.2602,anonymous,EN,0.8999999761581421,,Yes,Yes,,,,,,,,,,,,,,,,,,,,,,,,,,,,,,,,,,5 - Strongly Agree,4 - Slightly Agree,4 - Slightly Agree,3 - Neutral,4 - Slightly Agree,4 - Slightly Agree,4 - Slightly Agree,2 - Slightly Disagree,5 - Strongly Agree,4 - Slightly Agree,3 - Neutral,3 - Neutral,3 - Neutral,3 - Neutral,2 - Slightly Disagree,2 - Slightly Disagree,4 - Slightly Agree,4 - Slightly Agree,4 - Slightly Agree,4 - Slightly Agree,4 - Slightly Agree,4 - Slightly Agree,4 - Slightly Agree,3 - Neutral,5 - Strongly Agree,4 - Slightly Agree,5 - Strongly Agree,4 - Slightly Agree,4 - Slightly Agree,4 - Slightly Agree,4 - Slightly Agree,4 - Slightly Agree,No,,,,,,,,,,,,,,,,,,,,,,,,,,,,,,,,,,"3 - They should be used, no matter if they help the borrower or not.",,Yes,18 - 24,Male,Master's degree,East Asia,Student,,,,,,,,,,,,,,,,,,,,,,,,,,,,,,,,,,,,,,,,,,,,,,,,,,,,,,,,,,,,,,,,,,,,,,,,,,,,,,,,,,,,,,,,,,,,,,,,,,,
2025-09-12 14:38:40,2025-09-12 14:45:52,IP Address,129.100.255.62,100,432,True,2025-09-12 14:45:53,R_5SuAGWLJSAPKoWV,,,,,42.9979,-81.2602,anonymous,EN,1,,Yes,Yes,,,,,,,,,,,,,,,,,,,,,,,,,,,,,,,,,,5 - Strongly Agree,5 - Strongly Agree,4 - Slightly Agree,4 - Slightly Agree,4 - Slightly Agree,5 - Strongly Agree,5 - Strongly Agree,5 - Strongly Agree,5 - Strongly Agree,5 - Strongly Agree,5 - Strongly Agree,5 - Strongly Agree,5 - Strongly Agree,5 - Strongly Agree,5 - Strongly Agree,5 - Strongly Agree,5 - Strongly Agree,5 - Strongly Agree,5 - Strongly Agree,5 - Strongly Agree,5 - Strongly Agree,5 - Strongly Agree,5 - Strongly Agree,5 - Strongly Agree,5 - Strongly Agree,5 - Strongly Agree,5 - Strongly Agree,5 - Strongly Agree,5 - Strongly Agree,5 - Strongly Agree,4 - Slightly Agree,4 - Slightly Agree,No,5 - Strongly Agree,4 - Slightly Agree,4 - Slightly Agree,4 - Slightly Agree,5 - Strongly Agree,4 - Slightly Agree,4 - Slightly Agree,3 - Neutral,5 - Strongly Agree,5 - Strongly Agree,4 - Slightly Agree,4 - Slightly Agree,5 - Strongly Agree,5 - Strongly Agree,5 - Strongly Agree,5 - Strongly Agree,5 - Strongly Agree,5 - Strongly Agree,5 - Strongly Agree,5 - Strongly Agree,5 - Strongly Agree,5 - Strongly Agree,5 - Strongly Agree,4 - Slightly Agree,5 - Strongly Agree,5 - Strongly Agree,5 - Strongly Agree,5 - Strongly Agree,4 - Slightly Agree,4 - Slightly Agree,3 - Neutral,3 - Neutral,Yes,"3 - They should be used, no matter if they help the borrower or not.",,No,,,,,,,,,,,,,,,,,,,,,,,,,,,,,,,,,,,,,,,,,,,,,,,,,,,,,,,,,,,,,,,,,,,,,,,,,,,,,,,,,,,,,,,,,,,,,,,,,,,,,,,,
2025-09-05 13:33:34,2025-09-05 14:57:01,IP Address,99.242.99.52,71,5007,False,2025-09-12 14:57:02,R_5Mtk3QqthvUuEmT,,,,,43.0147,-81.3049,qr,EN,0.8999999761581421,,Yes,No,,,,,,,,,,,,,,,,,,,,,,,,,,,,,,,,,,,,,,,,,,,,,,,,,,,,,,,,,,,,,,,,,,,,,,,,,,,,,,,,,,,,,,,,,,,,,,,,,,,,,,,,,,,,,,,,,,,,,,,,,,,,,,,,,,,,,,,,,,,,,,,,,,,,,,,,,,,,,,,,,,,,,,,,,,,,,,4 - Slightly Agree,4 - Slightly Agree,3 - Neutral,4 - Slightly Agree,3 - Neutral,3 - Neutral,4 - Slightly Agree,4 - Slightly Agree,5 - Strongly Agree,4 - Slightly Agree,4 - Slightly Agree,4 - Slightly Agree,3 - Neutral,5 - Strongly Agree,4 - Slightly Agree,4 - Slightly Agree,,,,,,,,,,,,,,,,,
2025-09-12 15:04:11,2025-09-12 15:07:22,IP Address,129.100.255.83,100,190,True,2025-09-12 15:07:23,R_3wTTPDMe8SB6MH7,,,,,42.9979,-81.2602,qr,EN,0.8999999761581421,,Yes,No,,,,,,,,,,,,,,,,,,,,,,,,,,,,,,,,,,,,,,,,,,,,,,,,,,,,,,,,,,,,,,,,,,,,,,,,,,,,,,,,,,,,,,,,,,,,,,,,,,,,2 - They should be used only if they help the borrower secure a loan.,,Yes,18 - 24,Female,High school diploma or equivalent,North America,Student,,,,,,,,,,,,,,,,,,,,,,,,,,,,,,,,,,2 - Slightly Disagree,4 - Slightly Agree,4 - Slightly Agree,4 - Slightly Agree,4 - Slightly Agree,4 - Slightly Agree,3 - Neutral,4 - Slightly Agree,4 - Slightly Agree,4 - Slightly Agree,4 - Slightly Agree,4 - Slightly Agree,4 - Slightly Agree,4 - Slightly Agree,3 - Neutral,4 - Slightly Agree,4 - Slightly Agree,4 - Slightly Agree,4 - Slightly Agree,3 - Neutral,3 - Neutral,3 - Neutral,4 - Slightly Agree,4 - Slightly Agree,4 - Slightly Agree,5 - Strongly Agree,5 - Strongly Agree,4 - Slightly Agree,4 - Slightly Agree,5 - Strongly Agree,5 - Strongly Agree,4 - Slightly Agree,No,,,,,,,,,,,,,,,,,,,,,,,,,,,,,,,,,
2025-09-12 18:08:51,2025-09-12 18:24:27,IP Address,157.100.140.230,100,935,True,2025-09-12 18:39:36,R_53k6KwuuwqREUIV,,,,,-0.2309,-78.5211,anonymous,EN,0.800000011920929,,Yes,Yes,5 - Strongly Agree,4 - Slightly Agree,5 - Strongly Agree,5 - Strongly Agree,4 - Slightly Agree,5 - Strongly Agree,5 - Strongly Agree,4 - Slightly Agree,5 - Strongly Agree,5 - Strongly Agree,5 - Strongly Agree,5 - Strongly Agree,5 - Strongly Agree,5 - Strongly Agree,5 - Strongly Agree,5 - Strongly Agree,5 - Strongly Agree,5 - Strongly Agree,5 - Strongly Agree,5 - Strongly Agree,5 - Strongly Agree,5 - Strongly Agree,5 - Strongly Agree,4 - Slightly Agree,5 - Strongly Agree,5 - Strongly Agree,5 - Strongly Agree,5 - Strongly Agree,5 - Strongly Agree,4 - Slightly Agree,5 - Strongly Agree,5 - Strongly Agree,Yes,5 - Strongly Agree,5 - Strongly Agree,5 - Strongly Agree,5 - Strongly Agree,5 - Strongly Agree,5 - Strongly Agree,5 - Strongly Agree,5 - Strongly Agree,5 - Strongly Agree,5 - Strongly Agree,5 - Strongly Agree,5 - Strongly Agree,5 - Strongly Agree,5 - Strongly Agree,5 - Strongly Agree,5 - Strongly Agree,5 - Strongly Agree,5 - Strongly Agree,5 - Strongly Agree,5 - Strongly Agree,5 - Strongly Agree,5 - Strongly Agree,5 - Strongly Agree,5 - Strongly Agree,5 - Strongly Agree,5 - Strongly Agree,5 - Strongly Agree,5 - Strongly Agree,5 - Strongly Agree,5 - Strongly Agree,5 - Strongly Agree,5 - Strongly Agree,,4 - Slightly Agree,5 - Strongly Agree,5 - Strongly Agree,5 - Strongly Agree,5 - Strongly Agree,5 - Strongly Agree,5 - Strongly Agree,5 - Strongly Agree,5 - Strongly Agree,5 - Strongly Agree,5 - Strongly Agree,5 - Strongly Agree,4 - Slightly Agree,5 - Strongly Agree,5 - Strongly Agree,4 - Slightly Agree,5 - Strongly Agree,5 - Strongly Agree,5 - Strongly Agree,5 - Strongly Agree,5 - Strongly Agree,5 - Strongly Agree,5 - Strongly Agree,5 - Strongly Agree,5 - Strongly Agree,5 - Strongly Agree,5 - Strongly Agree,5 - Strongly Agree,5 - Strongly Agree,5 - Strongly Agree,5 - Strongly Agree,5 - Strongly Agree,Yes,2 - They should be used only if they help the borrower secure a loan.,,Yes,25 - 34,Male,Master's degree,South America,Finance or Banking,,,,,,,,,,,,,,,,,,,,,,,,,,,,,,,,,,,,,,,,,,,,,,,,,,,,,,,,,,,,,,,,,,,,,,,,,,,,,,,,,,,,,,,,,,,,,,,,,,,
2025-09-13 10:48:08,2025-09-13 11:08:33,IP Address,99.243.164.93,100,1224,True,2025-09-13 11:08:33,R_5oTUDQUdyvSj5J3,,,,,43.023,-81.1624,anonymous,EN,1,,Yes,Yes,,,,,,,,,,,,,,,,,,,,,,,,,,,,,,,,,,4 - Slightly Agree,5 - Strongly Agree,5 - Strongly Agree,4 - Slightly Agree,4 - Slightly Agree,4 - Slightly Agree,4 - Slightly Agree,2 - Slightly Disagree,4 - Slightly Agree,5 - Strongly Agree,4 - Slightly Agree,4 - Slightly Agree,4 - Slightly Agree,4 - Slightly Agree,5 - Strongly Agree,2 - Slightly Disagree,4 - Slightly Agree,5 - Strongly Agree,4 - Slightly Agree,5 - Strongly Agree,4 - Slightly Agree,4 - Slightly Agree,4 - Slightly Agree,2 - Slightly Disagree,4 - Slightly Agree,4 - Slightly Agree,4 - Slightly Agree,4 - Slightly Agree,4 - Slightly Agree,4 - Slightly Agree,4 - Slightly Agree,2 - Slightly Disagree,Yes,4 - Slightly Agree,4 - Slightly Agree,4 - Slightly Agree,4 - Slightly Agree,4 - Slightly Agree,4 - Slightly Agree,4 - Slightly Agree,2 - Slightly Disagree,5 - Strongly Agree,5 - Strongly Agree,5 - Strongly Agree,5 - Strongly Agree,5 - Strongly Agree,5 - Strongly Agree,4 - Slightly Agree,2 - Slightly Disagree,5 - Strongly Agree,5 - Strongly Agree,5 - Strongly Agree,4 - Slightly Agree,4 - Slightly Agree,4 - Slightly Agree,4 - Slightly Agree,2 - Slightly Disagree,4 - Slightly Agree,4 - Slightly Agree,5 - Strongly Agree,4 - Slightly Agree,5 - Strongly Agree,5 - Strongly Agree,4 - Slightly Agree,2 - Slightly Disagree,No,4 - I am not sure / I don't know.,"I find one common factor in the reports confusing
""Your number of borrowers is ...""

Does this mean your number of loans?   That's how I am taking it in answering the questions.

At one point I also found it odd that the AI was praising the applicant for being a solo borrower and in another case suggesting a co-signer would be better.  

And that short term was good as it meant less interest paid.  That might be good for the borrower but it also means, all else equal,  a bigger monthly payment, not necessarily good for the lender. 

So I wasn't sure if the advice was justifying the loan decision (or justifying the probability of a favourable loan decision, more precisely) or just general financial advice.  It seemed to blur.

Also relating to the network variables -- I would be in favour of using information about other borrowers connected to the applicant, but not necessarily just other borrowers living in the same neighbourhood as the applicant.   I worry about the fairness there, and about it being used as a proxy to for instance deny loans to racialized minorities or immigrants, who might live in similar neighbourhoods.  That could I suppose be addressed by only using the information if it were favourable to the applicant, but that seems not justified either, as with a finite loan book that suggest the need to deny loans to other borderline applicants who don't live in favourable neighbourhoods, returning to original problem. ",Yes,55 - 64,Male,"Doctorate or professional degree (PhD, JD, MD, etc.)",North America,Education,,,,,,,,,,,,,,,,,,,,,,,,,,,,,,,,,,,,,,,,,,,,,,,,,,,,,,,,,,,,,,,,,,,,,,,,,,,,,,,,,,,,,,,,,,,,,,,,,,,
2025-09-15 05:40:29,2025-09-15 05:45:41,IP Address,99.229.161.205,100,312,True,2025-09-15 05:45:42,R_7EF3CcsSe1COsIh,,,,,43.8137,-79.4531,anonymous,EN,1,,Yes,No,,,,,,,,,,,,,,,,,,,,,,,,,,,,,,,,,,,,,,,,,,,,,,,,,,,,,,,,,,,,,,,,,,,,,,,,,,,,,,,,,,,,,,,,,,,,,,,,,,,,2 - They should be used only if they help the borrower secure a loan.,,Yes,35 - 44,Male,Master's degree,North America,Manufacturing,,,,,,,,,,,,,,,,,,,,,,,,,,,,,,,,,,5 - Strongly Agree,4 - Slightly Agree,5 - Strongly Agree,5 - Strongly Agree,5 - Strongly Agree,5 - Strongly Agree,5 - Strongly Agree,5 - Strongly Agree,5 - Strongly Agree,4 - Slightly Agree,4 - Slightly Agree,4 - Slightly Agree,4 - Slightly Agree,4 - Slightly Agree,5 - Strongly Agree,4 - Slightly Agree,5 - Strongly Agree,4 - Slightly Agree,4 - Slightly Agree,4 - Slightly Agree,4 - Slightly Agree,4 - Slightly Agree,5 - Strongly Agree,4 - Slightly Agree,5 - Strongly Agree,4 - Slightly Agree,5 - Strongly Agree,5 - Strongly Agree,5 - Strongly Agree,5 - Strongly Agree,5 - Strongly Agree,5 - Strongly Agree,No,,,,,,,,,,,,,,,,,,,,,,,,,,,,,,,,,
2025-09-08 11:16:14,2025-09-08 11:17:47,IP Address,209.29.99.146,53,92,False,2025-09-15 11:17:48,R_3VqZU0LJCFaWzEy,,,,,43.6249,-79.7876,anonymous,EN,0.8999999761581421,,Yes,No,,,,,,,,,,,,,,,,,,,,,,,,,,,,,,,,,,,,,,,,,,,,,,,,,,,,,,,,,,,,,,,,,,,,,,,,,,,,,,,,,,,,,,,,,,,,,,,,,,,,,,,,,,,,,,,,,,,,,,,,,,,,,,,,,,,,,,,,,,,,,,,,,,,,,,,,,,,,,,,,,,,,,,,,,,,,,,,,,,,,,,,,,,,,,,,,,,,,,,,,,,,,,,
2025-09-15 13:56:57,2025-09-15 14:10:50,IP Address,129.100.255.32,100,832,True,2025-09-15 14:10:51,R_3CU5EbKguvAgxL2,,,,,42.9979,-81.2602,qr,EN,1,,Yes,No,,,,,,,,,,,,,,,,,,,,,,,,,,,,,,,,,,,,,,,,,,,,,,,,,,,,,,,,,,,,,,,,,,,,,,,,,,,,,,,,,,,,,,,,,,,,,,,,,,,,4 - I am not sure / I don't know.,,No,,,,,,4 - Slightly Agree,4 - Slightly Agree,5 - Strongly Agree,5 - Strongly Agree,4 - Slightly Agree,5 - Strongly Agree,4 - Slightly Agree,4 - Slightly Agree,4 - Slightly Agree,4 - Slightly Agree,4 - Slightly Agree,4 - Slightly Agree,2 - Slightly Disagree,4 - Slightly Agree,4 - Slightly Agree,3 - Neutral,4 - Slightly Agree,2 - Slightly Disagree,4 - Slightly Agree,3 - Neutral,2 - Slightly Disagree,4 - Slightly Agree,4 - Slightly Agree,4 - Slightly Agree,4 - Slightly Agree,3 - Neutral,2 - Slightly Disagree,3 - Neutral,2 - Slightly Disagree,3 - Neutral,2 - Slightly Disagree,3 - Neutral,No,,,,,,,,,,,,,,,,,,,,,,,,,,,,,,,,,,,,,,,,,,,,,,,,,,,,,,,,,,,,,,,,,,
2025-09-15 14:20:14,2025-09-15 14:31:51,IP Address,203.144.18.61,100,696,True,2025-09-15 14:31:52,R_93fLrZDOYBchfHi,,,,,-33.8672,151.1997,anonymous,EN,0.8999999761581421,,Yes,No,,,,,,,,,,,,,,,,,,,,,,,,,,,,,,,,,,,,,,,,,,,,,,,,,,,,,,,,,,,,,,,,,,,,,,,,,,,,,,,,,,,,,,,,,,,,,,,,,,,,2 - They should be used only if they help the borrower secure a loan.,,Yes,18 - 24,Female,Bachelor's degree,Australia / Oceania,Finance or Banking,,,,,,,,,,,,,,,,,,,,,,,,,,,,,,,,,,4 - Slightly Agree,3 - Neutral,4 - Slightly Agree,4 - Slightly Agree,3 - Neutral,4 - Slightly Agree,2 - Slightly Disagree,2 - Slightly Disagree,5 - Strongly Agree,4 - Slightly Agree,5 - Strongly Agree,5 - Strongly Agree,4 - Slightly Agree,4 - Slightly Agree,5 - Strongly Agree,4 - Slightly Agree,4 - Slightly Agree,3 - Neutral,4 - Slightly Agree,4 - Slightly Agree,3 - Neutral,3 - Neutral,2 - Slightly Disagree,2 - Slightly Disagree,4 - Slightly Agree,4 - Slightly Agree,4 - Slightly Agree,5 - Strongly Agree,3 - Neutral,4 - Slightly Agree,3 - Neutral,3 - Neutral,No,,,,,,,,,,,,,,,,,,,,,,,,,,,,,,,,,
2025-09-15 13:55:42,2025-09-15 14:48:40,IP Address,209.171.85.189,100,3178,True,2025-09-15 14:48:41,R_7TtqTdyI7FTYZh6,,,,,43.6653,-79.4343,qr,EN,1,,Yes,No,,,,,,,,,,,,,,,,,,,,,,,,,,,,,,,,,,,,,,,,,,,,,,,,,,,,,,,,,,,,,,,,,,,,,,,,,,,,,,,,,,,,,,,,,,,,,,,,,,,,4 - I am not sure / I don't know.,,No,,,,,,,,,,,,,,,,,,,,,,,,,,,,,,,,,,,,,,,,,,,,,,,,,,,,,,,,,,,,,,,,,,,,,,,,4 - Slightly Agree,4 - Slightly Agree,4 - Slightly Agree,4 - Slightly Agree,4 - Slightly Agree,4 - Slightly Agree,4 - Slightly Agree,4 - Slightly Agree,4 - Slightly Agree,4 - Slightly Agree,4 - Slightly Agree,4 - Slightly Agree,4 - Slightly Agree,4 - Slightly Agree,4 - Slightly Agree,4 - Slightly Agree,4 - Slightly Agree,4 - Slightly Agree,4 - Slightly Agree,4 - Slightly Agree,4 - Slightly Agree,4 - Slightly Agree,4 - Slightly Agree,4 - Slightly Agree,4 - Slightly Agree,4 - Slightly Agree,4 - Slightly Agree,4 - Slightly Agree,4 - Slightly Agree,4 - Slightly Agree,4 - Slightly Agree,4 - Slightly Agree,No
2025-09-15 14:59:58,2025-09-15 15:06:32,IP Address,129.100.255.83,100,393,True,2025-09-15 15:06:32,R_1yrYBBEBzcX4VW8,,,,,42.9979,-81.2602,qr,EN,1,,Yes,Yes,,,,,,,,,,,,,,,,,,,,,,,,,,,,,,,,,,,,,,,,,,,,,,,,,,,,,,,,,,,,,,,,,,,5 - Strongly Agree,5 - Strongly Agree,3 - Neutral,4 - Slightly Agree,4 - Slightly Agree,5 - Strongly Agree,4 - Slightly Agree,1 - Strongly Disagree,5 - Strongly Agree,4 - Slightly Agree,4 - Slightly Agree,2 - Slightly Disagree,4 - Slightly Agree,4 - Slightly Agree,5 - Strongly Agree,1 - Strongly Disagree,4 - Slightly Agree,5 - Strongly Agree,3 - Neutral,2 - Slightly Disagree,4 - Slightly Agree,5 - Strongly Agree,4 - Slightly Agree,2 - Slightly Disagree,4 - Slightly Agree,5 - Strongly Agree,4 - Slightly Agree,3 - Neutral,4 - Slightly Agree,2 - Slightly Disagree,5 - Strongly Agree,2 - Slightly Disagree,No,"3 - They should be used, no matter if they help the borrower or not.",,Yes,18 - 24,Male,Some college or university,North America,Finance or Banking,,,,,,,,,,,,,,,,,,,,,,,,,,,,,,,,,,,,,,,,,,,,,,,,,,,,,,,,,,,,,,,,,,,,,,,,,,,,,,,,,,,,,,,,,,,,,,,,,,,
2025-09-15 15:02:14,2025-09-15 15:10:01,IP Address,129.100.255.37,100,466,True,2025-09-15 15:10:01,R_3YyXhqft7USrbUd,,,,,42.9979,-81.2602,qr,EN,1,,Yes,No,,,,,,,,,,,,,,,,,,,,,,,,,,,,,,,,,,,,,,,,,,,,,,,,,,,,,,,,,,,,,,,,,,,,,,,,,,,,,,,,,,,,,,,,,,,,,,,,,,,,4 - I am not sure / I don't know.,,Yes,18 - 24,Female,High school diploma or equivalent,North America,Student,5 - Strongly Agree,5 - Strongly Agree,5 - Strongly Agree,3 - Neutral,3 - Neutral,4 - Slightly Agree,5 - Strongly Agree,4 - Slightly Agree,5 - Strongly Agree,5 - Strongly Agree,5 - Strongly Agree,5 - Strongly Agree,5 - Strongly Agree,5 - Strongly Agree,5 - Strongly Agree,5 - Strongly Agree,4 - Slightly Agree,4 - Slightly Agree,5 - Strongly Agree,4 - Slightly Agree,4 - Slightly Agree,4 - Slightly Agree,4 - Slightly Agree,4 - Slightly Agree,5 - Strongly Agree,5 - Strongly Agree,5 - Strongly Agree,5 - Strongly Agree,5 - Strongly Agree,5 - Strongly Agree,5 - Strongly Agree,5 - Strongly Agree,No,,,,,,,,,,,,,,,,,,,,,,,,,,,,,,,,,,,,,,,,,,,,,,,,,,,,,,,,,,,,,,,,,,
2025-09-15 14:57:17,2025-09-15 15:17:10,IP Address,129.100.255.33,100,1193,True,2025-09-15 15:17:11,R_7egdBi5k903qqRU,,,,,42.9979,-81.2602,qr,EN,0.800000011920929,,Yes,No,,,,,,,,,,,,,,,,,,,,,,,,,,,,,,,,,,,,,,,,,,,,,,,,,,,,,,,,,,,,,,,,,,,,,,,,,,,,,,,,,,,,,,,,,,,,,,,,,,,,2 - They should be used only if they help the borrower secure a loan.,,Yes,18 - 24,Male,Some college or university,North America,Student,5 - Strongly Agree,4 - Slightly Agree,4 - Slightly Agree,5 - Strongly Agree,5 - Strongly Agree,4 - Slightly Agree,5 - Strongly Agree,4 - Slightly Agree,4 - Slightly Agree,5 - Strongly Agree,4 - Slightly Agree,4 - Slightly Agree,5 - Strongly Agree,4 - Slightly Agree,5 - Strongly Agree,4 - Slightly Agree,5 - Strongly Agree,5 - Strongly Agree,4 - Slightly Agree,5 - Strongly Agree,5 - Strongly Agree,4 - Slightly Agree,5 - Strongly Agree,5 - Strongly Agree,5 - Strongly Agree,4 - Slightly Agree,5 - Strongly Agree,5 - Strongly Agree,4 - Slightly Agree,5 - Strongly Agree,4 - Slightly Agree,5 - Strongly Agree,No,,,,,,,,,,,,,,,,,,,,,,,,,,,,,,,,,,,,,,,,,,,,,,,,,,,,,,,,,,,,,,,,,,
2025-09-15 15:02:24,2025-09-15 15:35:14,IP Address,129.100.255.28,100,1970,True,2025-09-15 15:35:15,R_6Cv3mAVpXjkNskd,,,,,42.9979,-81.2602,qr,EN,1,,Yes,No,,,,,,,,,,,,,,,,,,,,,,,,,,,,,,,,,,,,,,,,,,,,,,,,,,,,,,,,,,,,,,,,,,,,,,,,,,,,,,,,,,,,,,,,,,,,,,,,,,,,4 - I am not sure / I don't know.,,No,,,,,,,,,,,,,,,,,,,,,,,,,,,,,,,,,,,,,,,5 - Strongly Agree,5 - Strongly Agree,5 - Strongly Agree,5 - Strongly Agree,5 - Strongly Agree,5 - Strongly Agree,5 - Strongly Agree,5 - Strongly Agree,5 - Strongly Agree,5 - Strongly Agree,5 - Strongly Agree,5 - Strongly Agree,5 - Strongly Agree,5 - Strongly Agree,5 - Strongly Agree,5 - Strongly Agree,5 - Strongly Agree,5 - Strongly Agree,5 - Strongly Agree,5 - Strongly Agree,5 - Strongly Agree,5 - Strongly Agree,5 - Strongly Agree,5 - Strongly Agree,5 - Strongly Agree,4 - Slightly Agree,5 - Strongly Agree,4 - Slightly Agree,5 - Strongly Agree,5 - Strongly Agree,5 - Strongly Agree,5 - Strongly Agree,No,,,,,,,,,,,,,,,,,,,,,,,,,,,,,,,,,
2025-09-08 16:18:52,2025-09-08 16:21:58,IP Address,104.28.133.22,62,186,False,2025-09-15 16:22:02,R_7avNpc5pMgSH5kt,,,,,43.709,-79.4057,qr,EN,1,,Yes,No,,,,,,,,,,,,,,,,,,,,,,,,,,,,,,,,,,,,,,,,,,,,,,,,,,,,,,,,,,,,,,,,,,,,,,,,,,,,,,,,,,,,,,,,,,,,,,,,,,,,,,,,,,,,5 - Strongly Agree,5 - Strongly Agree,4 - Slightly Agree,5 - Strongly Agree,5 - Strongly Agree,5 - Strongly Agree,5 - Strongly Agree,5 - Strongly Agree,,,,,,,,,,,,,,,,,,,,,,,,,,,,,,,,,,,,,,,,,,,,,,,,,,,,,,,,,,,,,,,,,,,,,,,,,,,,,,,,,,,,,,,,,,,
2025-09-16 11:50:36,2025-09-16 11:58:21,IP Address,129.100.255.37,100,465,True,2025-09-16 11:58:22,R_7LpKTxfy94agr2t,,,,,42.9979,-81.2602,qr,EN,1,,Yes,No,,,,,,,,,,,,,,,,,,,,,,,,,,,,,,,,,,,,,,,,,,,,,,,,,,,,,,,,,,,,,,,,,,,,,,,,,,,,,,,,,,,,,,,,,,,,,,,,,,,,4 - I am not sure / I don't know.,,No,,,,,,,,,,,,,,,,,,,,,,,,,,,,,,,,,,,,,,,2 - Slightly Disagree,2 - Slightly Disagree,3 - Neutral,2 - Slightly Disagree,2 - Slightly Disagree,3 - Neutral,2 - Slightly Disagree,2 - Slightly Disagree,5 - Strongly Agree,4 - Slightly Agree,5 - Strongly Agree,4 - Slightly Agree,4 - Slightly Agree,5 - Strongly Agree,4 - Slightly Agree,4 - Slightly Agree,5 - Strongly Agree,3 - Neutral,4 - Slightly Agree,4 - Slightly Agree,4 - Slightly Agree,4 - Slightly Agree,4 - Slightly Agree,4 - Slightly Agree,4 - Slightly Agree,2 - Slightly Disagree,3 - Neutral,4 - Slightly Agree,4 - Slightly Agree,4 - Slightly Agree,4 - Slightly Agree,3 - Neutral,No,,,,,,,,,,,,,,,,,,,,,,,,,,,,,,,,,
2025-09-16 11:47:01,2025-09-16 11:58:44,IP Address,129.100.255.62,100,702,True,2025-09-16 11:58:44,R_51rWg3AYgN3krYJ,,,,,42.9979,-81.2602,qr,EN,1,,Yes,No,,,,,,,,,,,,,,,,,,,,,,,,,,,,,,,,,,,,,,,,,,,,,,,,,,,,,,,,,,,,,,,,,,,,,,,,,,,,,,,,,,,,,,,,,,,,,,,,,,,,4 - I am not sure / I don't know.,,Yes,18 - 24,Female,Some college or university,North America,Unemployed,5 - Strongly Agree,4 - Slightly Agree,5 - Strongly Agree,5 - Strongly Agree,5 - Strongly Agree,4 - Slightly Agree,5 - Strongly Agree,5 - Strongly Agree,2 - Slightly Disagree,4 - Slightly Agree,4 - Slightly Agree,3 - Neutral,2 - Slightly Disagree,4 - Slightly Agree,2 - Slightly Disagree,3 - Neutral,4 - Slightly Agree,4 - Slightly Agree,5 - Strongly Agree,4 - Slightly Agree,3 - Neutral,3 - Neutral,4 - Slightly Agree,4 - Slightly Agree,5 - Strongly Agree,4 - Slightly Agree,5 - Strongly Agree,5 - Strongly Agree,5 - Strongly Agree,4 - Slightly Agree,5 - Strongly Agree,5 - Strongly Agree,No,,,,,,,,,,,,,,,,,,,,,,,,,,,,,,,,,,,,,,,,,,,,,,,,,,,,,,,,,,,,,,,,,,
2025-09-16 12:04:13,2025-09-16 12:13:56,IP Address,184.151.37.89,100,582,True,2025-09-16 12:13:57,R_1963nWGjNXlA6EV,,,,,43.5204,-80.2245,qr,EN,1,,Yes,No,,,,,,,,,,,,,,,,,,,,,,,,,,,,,,,,,,,,,,,,,,,,,,,,,,,,,,,,,,,,,,,,,,,,,,,,,,,,,,,,,,,,,,,,,,,,,,,,,,,,"3 - They should be used, no matter if they help the borrower or not.","Not sure if this is relevant, but I’m interest to know how the variables (credit scores, connections, down payment, etc.) weight in the final percent chance calculation. Like a short introducing page on the importance ranking of these components could help set the scene a bit better. I was a bit lost in the very first prompt as I wasn’t sure what I was reading about. Thanks.",Yes,18 - 24,Female,Bachelor's degree,North America,Research / Academia,,,,,,,,,,,,,,,,,,,,,,,,,,,,,,,,,,4 - Slightly Agree,4 - Slightly Agree,5 - Strongly Agree,5 - Strongly Agree,5 - Strongly Agree,4 - Slightly Agree,5 - Strongly Agree,Unsure/Prefer not to answer,5 - Strongly Agree,4 - Slightly Agree,5 - Strongly Agree,5 - Strongly Agree,5 - Strongly Agree,5 - Strongly Agree,5 - Strongly Agree,4 - Slightly Agree,5 - Strongly Agree,5 - Strongly Agree,5 - Strongly Agree,5 - Strongly Agree,5 - Strongly Agree,5 - Strongly Agree,5 - Strongly Agree,5 - Strongly Agree,5 - Strongly Agree,5 - Strongly Agree,4 - Slightly Agree,5 - Strongly Agree,5 - Strongly Agree,5 - Strongly Agree,5 - Strongly Agree,5 - Strongly Agree,No,,,,,,,,,,,,,,,,,,,,,,,,,,,,,,,,,
2025-09-16 12:15:29,2025-09-16 12:25:36,IP Address,72.136.98.140,100,607,True,2025-09-16 12:25:36,R_7s1PrT9Hd80rxWp,,,,,42.9979,-81.2602,qr,EN,1,,Yes,No,,,,,,,,,,,,,,,,,,,,,,,,,,,,,,,,,,,,,,,,,,,,,,,,,,,,,,,,,,,,,,,,,,,,,,,,,,,,,,,,,,,,,,,,,,,,,,,,,,,,"3 - They should be used, no matter if they help the borrower or not.","The one thing that would help convince me more and improve trustworthiness is by giving some success metrics associated with community measures, and similar credit profiles to see an objective measurement of how the predicted success is compared to true success for applicants with a similar history. Perhaps the data isn’t known, but having sort of the opposite metric, and explaining likelihoods of unsuccessful applications and those reasons why would be helpful. I am personally more pessimistic than optimistic when it comes to lending and borrowing, so having that more conservative approach to getting these metrics and predictions would be helpful. One thing that confused me a bit was when the response sometimes mentioned a co-borrower in both above/average credit profiles, and also for below average for half of them, but not the other half. Knowing why an applicant is suggested to have a co-applicant in one scenario but not in one would be helpful to include also",Yes,18 - 24,Male,Bachelor's degree,North America,Research / Academia,5 - Strongly Agree,4 - Slightly Agree,4 - Slightly Agree,5 - Strongly Agree,4 - Slightly Agree,4 - Slightly Agree,5 - Strongly Agree,4 - Slightly Agree,4 - Slightly Agree,4 - Slightly Agree,4 - Slightly Agree,4 - Slightly Agree,4 - Slightly Agree,5 - Strongly Agree,5 - Strongly Agree,4 - Slightly Agree,5 - Strongly Agree,4 - Slightly Agree,4 - Slightly Agree,4 - Slightly Agree,4 - Slightly Agree,4 - Slightly Agree,5 - Strongly Agree,4 - Slightly Agree,5 - Strongly Agree,4 - Slightly Agree,4 - Slightly Agree,4 - Slightly Agree,4 - Slightly Agree,4 - Slightly Agree,5 - Strongly Agree,4 - Slightly Agree,No,,,,,,,,,,,,,,,,,,,,,,,,,,,,,,,,,,,,,,,,,,,,,,,,,,,,,,,,,,,,,,,,,,
2025-09-09 12:46:42,2025-09-09 12:47:09,IP Address,104.28.133.21,53,26,False,2025-09-16 12:47:14,R_7ktVAlOxVaW4RBz,,,,,43.709,-79.4057,qr,EN,1,,Yes,No,,,,,,,,,,,,,,,,,,,,,,,,,,,,,,,,,,,,,,,,,,,,,,,,,,,,,,,,,,,,,,,,,,,,,,,,,,,,,,,,,,,,,,,,,,,,,,,,,,,,,,,,,,,,,,,,,,,,,,,,,,,,,,,,,,,,,,,,,,,,,,,,,,,,,,,,,,,,,,,,,,,,,,,,,,,,,,,,,,,,,,,,,,,,,,,,,,,,,,,,,,,,,,
2025-09-16 14:26:38,2025-09-16 14:41:06,IP Address,129.100.255.30,100,867,True,2025-09-16 14:41:06,R_6FP8SGx15qffZjB,,,,,42.9979,-81.2602,qr,EN,1,,Yes,Yes,3 - Neutral,2 - Slightly Disagree,3 - Neutral,3 - Neutral,2 - Slightly Disagree,3 - Neutral,4 - Slightly Agree,3 - Neutral,5 - Strongly Agree,4 - Slightly Agree,5 - Strongly Agree,4 - Slightly Agree,4 - Slightly Agree,4 - Slightly Agree,5 - Strongly Agree,4 - Slightly Agree,4 - Slightly Agree,1 - Strongly Disagree,1 - Strongly Disagree,3 - Neutral,2 - Slightly Disagree,2 - Slightly Disagree,3 - Neutral,3 - Neutral,5 - Strongly Agree,5 - Strongly Agree,5 - Strongly Agree,5 - Strongly Agree,3 - Neutral,3 - Neutral,4 - Slightly Agree,4 - Slightly Agree,Yes,5 - Strongly Agree,4 - Slightly Agree,4 - Slightly Agree,5 - Strongly Agree,5 - Strongly Agree,4 - Slightly Agree,5 - Strongly Agree,4 - Slightly Agree,5 - Strongly Agree,4 - Slightly Agree,4 - Slightly Agree,4 - Slightly Agree,3 - Neutral,4 - Slightly Agree,4 - Slightly Agree,4 - Slightly Agree,5 - Strongly Agree,5 - Strongly Agree,5 - Strongly Agree,5 - Strongly Agree,5 - Strongly Agree,5 - Strongly Agree,5 - Strongly Agree,5 - Strongly Agree,4 - Slightly Agree,3 - Neutral,3 - Neutral,4 - Slightly Agree,3 - Neutral,2 - Slightly Disagree,2 - Slightly Disagree,3 - Neutral,,2 - Slightly Disagree,2 - Slightly Disagree,2 - Slightly Disagree,2 - Slightly Disagree,2 - Slightly Disagree,3 - Neutral,3 - Neutral,2 - Slightly Disagree,5 - Strongly Agree,5 - Strongly Agree,5 - Strongly Agree,5 - Strongly Agree,5 - Strongly Agree,5 - Strongly Agree,5 - Strongly Agree,5 - Strongly Agree,4 - Slightly Agree,4 - Slightly Agree,5 - Strongly Agree,5 - Strongly Agree,4 - Slightly Agree,5 - Strongly Agree,5 - Strongly Agree,5 - Strongly Agree,4 - Slightly Agree,2 - Slightly Disagree,3 - Neutral,3 - Neutral,2 - Slightly Disagree,2 - Slightly Disagree,2 - Slightly Disagree,3 - Neutral,Yes,4 - I am not sure / I don't know.,,No,,,,,,,,,,,,,,,,,,,,,,,,,,,,,,,,,,,,,,,,,,,,,,,,,,,,,,,,,,,,,,,,,,,,,,,,,,,,,,,,,,,,,,,,,,,,,,,,,,,,,,,,
2025-09-11 07:39:57,2025-09-11 07:46:56,IP Address,186.84.20.131,14,418,False,2025-09-18 07:47:00,R_6WxmKQqUBP1A94X,,,,,4.7124,-74.0367,anonymous,EN,1,,Yes,Yes,,,,,,,,,,,,,,,,,,,,,,,,,,,,,,,,,,,,,,,,,,,,,,,,,,,,,,,,,,,,,,,,,,,5 - Strongly Agree,4 - Slightly Agree,3 - Neutral,3 - Neutral,4 - Slightly Agree,4 - Slightly Agree,3 - Neutral,2 - Slightly Disagree,,,,,,,,,,,,,,,,,,,,,,,,,,,,,,,,,,,,,,,,,,,,,,,,,,,,,,,,,,,,,,,,,,,,,,,,,,,,,,,,,,,,,,,,,,,,,,,,,,,,,,,,,,,,,,,,,,,,,,,,,,,,,,,,,,,,
2025-09-11 08:35:15,2025-09-11 08:36:16,IP Address,81.82.246.148,53,60,False,2025-09-18 08:36:21,R_8PFeDmzslmvjypJ,,,,,51.0169,3.6015,anonymous,EN,1,,Yes,No,,,,,,,,,,,,,,,,,,,,,,,,,,,,,,,,,,,,,,,,,,,,,,,,,,,,,,,,,,,,,,,,,,,,,,,,,,,,,,,,,,,,,,,,,,,,,,,,,,,,,,,,,,,,,,,,,,,,,,,,,,,,,,,,,,,,,,,,,,,,,,,,,,,,,,,,,,,,,,,,,,,,,,,,,,,,,,,,,,,,,,,,,,,,,,,,,,,,,,,,,,,,,,
2025-09-11 09:39:52,2025-09-11 09:42:49,IP Address,134.238.243.137,14,177,False,2025-09-18 09:42:55,R_1fdFtob6r82bMWZ,,,,,43.6426,-79.4002,anonymous,EN,1,,Yes,Yes,,,,,,,,,,,,,,,,,,,,,,,,,,,,,,,,,,,,,,,,,,,,,,,,,,,,,,,,,,,,,,,,,,,2 - Slightly Disagree,2 - Slightly Disagree,2 - Slightly Disagree,1 - Strongly Disagree,1 - Strongly Disagree,1 - Strongly Disagree,1 - Strongly Disagree,1 - Strongly Disagree,,,,,,,,,,,,,,,,,,,,,,,,,,,,,,,,,,,,,,,,,,,,,,,,,,,,,,,,,,,,,,,,,,,,,,,,,,,,,,,,,,,,,,,,,,,,,,,,,,,,,,,,,,,,,,,,,,,,,,,,,,,,,,,,,,,,
2025-09-11 09:43:15,2025-09-11 09:47:20,IP Address,134.238.243.137,5,244,False,2025-09-18 09:47:24,R_6qZDPh0RmNW2BDr,,,,,43.6426,-79.4002,anonymous,EN,1,,Yes,Yes,,,,,,,,,,,,,,,,,,,,,,,,,,,,,,,,,,,,,,,,,,,,,,,,,,,,,,,,,,,,,,,,,,,,,,,,,,,,,,,,,,,,,,,,,,,,,,,,,,,,,,,,,,,,,,,,,,,,,,,,,,,,,,,,,,,,,,,,,,,,,,,,,,,,,,,,,,,,,,,,,,,,,,,,,,,,,,,,,,,,,,,,,,,,,,,,,,,,,,,,,,,,,,
2025-09-11 10:32:38,2025-09-11 10:33:29,IP Address,72.136.110.108,5,51,False,2025-09-18 10:33:30,R_6ZiUljYZHtXfYnT,,,,,43.7321,-79.5096,anonymous,EN,1,,Yes,Yes,,,,,,,,,,,,,,,,,,,,,,,,,,,,,,,,,,,,,,,,,,,,,,,,,,,,,,,,,,,,,,,,,,,,,,,,,,,,,,,,,,,,,,,,,,,,,,,,,,,,,,,,,,,,,,,,,,,,,,,,,,,,,,,,,,,,,,,,,,,,,,,,,,,,,,,,,,,,,,,,,,,,,,,,,,,,,,,,,,,,,,,,,,,,,,,,,,,,,,,,,,,,,,
2025-09-11 10:31:18,2025-09-11 10:42:35,IP Address,134.238.243.137,14,676,False,2025-09-18 10:42:42,R_7atYcSpFNCvNdh2,,,,,43.6426,-79.4002,anonymous,EN,1,,Yes,Yes,,,,,,,,,,,,,,,,,,,,,,,,,,,,,,,,,,,,,,,,,,,,,,,,,,,,,,,,,,,,,,,,,,,3 - Neutral,3 - Neutral,2 - Slightly Disagree,4 - Slightly Agree,3 - Neutral,2 - Slightly Disagree,4 - Slightly Agree,1 - Strongly Disagree,,,,,,,,,,,,,,,,,,,,,,,,,,,,,,,,,,,,,,,,,,,,,,,,,,,,,,,,,,,,,,,,,,,,,,,,,,,,,,,,,,,,,,,,,,,,,,,,,,,,,,,,,,,,,,,,,,,,,,,,,,,,,,,,,,,,
2025-09-11 11:53:01,2025-09-11 11:56:27,IP Address,31.22.11.45,5,206,False,2025-09-18 11:56:28,R_5dO5NCsIcXTUQTv,,,,,29.7539,-95.359,anonymous,EN,1,,Yes,Yes,,,,,,,,,,,,,,,,,,,,,,,,,,,,,,,,,,,,,,,,,,,,,,,,,,,,,,,,,,,,,,,,,,,,,,,,,,,,,,,,,,,,,,,,,,,,,,,,,,,,,,,,,,,,,,,,,,,,,,,,,,,,,,,,,,,,,,,,,,,,,,,,,,,,,,,,,,,,,,,,,,,,,,,,,,,,,,,,,,,,,,,,,,,,,,,,,,,,,,,,,,,,,,
2025-09-11 13:22:38,2025-09-11 13:25:32,IP Address,129.100.255.22,53,173,False,2025-09-18 13:25:35,R_3uqWh6VDBc0Qxqy,,,,,42.9979,-81.2602,anonymous,EN,0.8999999761581421,,Yes,No,,,,,,,,,,,,,,,,,,,,,,,,,,,,,,,,,,,,,,,,,,,,,,,,,,,,,,,,,,,,,,,,,,,,,,,,,,,,,,,,,,,,,,,,,,,,,,,,,,,,,,,,,,,,,,,,,,,,,,,,,,,,,,,,,,,,,,,,,,,,,,,,,,,,,,,,,,,,,,,,,,,,,,,,,,,,,,,,,,,,,,,,,,,,,,,,,,,,,,,,,,,,,,
2025-09-11 13:36:57,2025-09-11 13:37:34,IP Address,85.220.31.227,5,37,False,2025-09-18 13:37:38,R_8QEC4hnnIkyyDkv,,,,,64.1336,-21.8934,anonymous,EN,1,,Yes,Yes,,,,,,,,,,,,,,,,,,,,,,,,,,,,,,,,,,,,,,,,,,,,,,,,,,,,,,,,,,,,,,,,,,,,,,,,,,,,,,,,,,,,,,,,,,,,,,,,,,,,,,,,,,,,,,,,,,,,,,,,,,,,,,,,,,,,,,,,,,,,,,,,,,,,,,,,,,,,,,,,,,,,,,,,,,,,,,,,,,,,,,,,,,,,,,,,,,,,,,,,,,,,,,
2025-09-18 16:54:04,2025-09-18 17:02:13,IP Address,172.225.44.246,100,488,True,2025-09-18 17:02:13,R_3gzOc7AhSUMqkBr,,,,,42.9856,-81.2348,qr,EN,1,,Yes,No,,,,,,,,,,,,,,,,,,,,,,,,,,,,,,,,,,,,,,,,,,,,,,,,,,,,,,,,,,,,,,,,,,,,,,,,,,,,,,,,,,,,,,,,,,,,,,,,,,,,4 - I am not sure / I don't know.,,Yes,18 - 24,Female,Master's degree,North America,Research / Academia,,,,,,,,,,,,,,,,,,,,,,,,,,,,,,,,,,,,,,,,,,,,,,,,,,,,,,,,,,,,,,,,,,,5 - Strongly Agree,2 - Slightly Disagree,4 - Slightly Agree,4 - Slightly Agree,2 - Slightly Disagree,3 - Neutral,4 - Slightly Agree,2 - Slightly Disagree,4 - Slightly Agree,2 - Slightly Disagree,4 - Slightly Agree,3 - Neutral,2 - Slightly Disagree,4 - Slightly Agree,4 - Slightly Agree,3 - Neutral,5 - Strongly Agree,4 - Slightly Agree,4 - Slightly Agree,5 - Strongly Agree,2 - Slightly Disagree,4 - Slightly Agree,5 - Strongly Agree,4 - Slightly Agree,4 - Slightly Agree,2 - Slightly Disagree,3 - Neutral,4 - Slightly Agree,2 - Slightly Disagree,3 - Neutral,4 - Slightly Agree,2 - Slightly Disagree,No
2025-09-18 20:50:05,2025-09-18 20:56:50,IP Address,173.34.190.137,100,404,True,2025-09-18 20:56:50,R_3hG9A4aOyZA3de3,,,,,43.6653,-79.4343,anonymous,EN,1,,Yes,No,,,,,,,,,,,,,,,,,,,,,,,,,,,,,,,,,,,,,,,,,,,,,,,,,,,,,,,,,,,,,,,,,,,,,,,,,,,,,,,,,,,,,,,,,,,,,,,,,,,,2 - They should be used only if they help the borrower secure a loan.,,No,,,,,,,,,,,,,,,,,,,,,,,,,,,,,,,,,,,,,,,,,,,,,,,,,,,,,,,,,,,,,,,,,,,,,,,,5 - Strongly Agree,4 - Slightly Agree,5 - Strongly Agree,4 - Slightly Agree,4 - Slightly Agree,4 - Slightly Agree,4 - Slightly Agree,3 - Neutral,5 - Strongly Agree,4 - Slightly Agree,3 - Neutral,4 - Slightly Agree,4 - Slightly Agree,4 - Slightly Agree,3 - Neutral,3 - Neutral,4 - Slightly Agree,4 - Slightly Agree,3 - Neutral,4 - Slightly Agree,4 - Slightly Agree,4 - Slightly Agree,4 - Slightly Agree,3 - Neutral,5 - Strongly Agree,4 - Slightly Agree,4 - Slightly Agree,4 - Slightly Agree,4 - Slightly Agree,3 - Neutral,3 - Neutral,3 - Neutral,No
2025-09-12 04:35:26,2025-09-12 04:36:59,IP Address,74.12.136.199,23,92,False,2025-09-19 04:37:02,R_3CycIHE2BTOuBEp,,,,,42.9515,-81.3386,anonymous,EN,1,,Yes,Yes,,,,,,,,,,,,,,,,,,,,,,,,,,,,,,,,,,2 - Slightly Disagree,3 - Neutral,2 - Slightly Disagree,4 - Slightly Agree,2 - Slightly Disagree,3 - Neutral,2 - Slightly Disagree,2 - Slightly Disagree,2 - Slightly Disagree,3 - Neutral,2 - Slightly Disagree,2 - Slightly Disagree,2 - Slightly Disagree,2 - Slightly Disagree,3 - Neutral,3 - Neutral,,,,,,,,,,,,,,,,,,,,,,,,,,,,,,,,,,,,,,,,,,,,,,,,,,,,,,,,,,,,,,,,,,,,,,,,,,,,,,,,,,,,,,,,,,,,,,,,,,,,,,,,,,,,,,,,,,,,,,,,,,,,,,,,,,,,,,,,,,,,,,,,,,,,,,,,,,,,,
2025-09-12 09:23:38,2025-09-12 09:30:12,IP Address,129.100.255.84,23,394,False,2025-09-19 09:30:13,R_5fSI1OE91e2oTXb,,,,,42.9979,-81.2602,anonymous,EN,1,,Yes,Yes,,,,,,,,,,,,,,,,,,,,,,,,,,,,,,,,,,,,,,,,,,,,,,,,,,,,,,,,,,,,,,,,,,,5 - Strongly Agree,5 - Strongly Agree,5 - Strongly Agree,5 - Strongly Agree,5 - Strongly Agree,5 - Strongly Agree,5 - Strongly Agree,5 - Strongly Agree,5 - Strongly Agree,5 - Strongly Agree,4 - Slightly Agree,4 - Slightly Agree,4 - Slightly Agree,5 - Strongly Agree,5 - Strongly Agree,5 - Strongly Agree,,,,,,,,,,,,,,,,,,,,,,,,,,,,,,,,,,,,,,,,,,,,,,,,,,,,,,,,,,,,,,,,,,,,,,,,,,,,,,,,,,,,,,,,,,,,,,,,,,,,,,,,,,,,,,,,,,,,,,,,,,,,
2025-09-19 09:44:08,2025-09-19 10:01:42,IP Address,129.100.255.80,100,1054,True,2025-09-19 10:01:43,R_6HePZq4b2hOnBD2,,,,,43.0147,-81.3049,anonymous,EN,1,,Yes,No,,,,,,,,,,,,,,,,,,,,,,,,,,,,,,,,,,,,,,,,,,,,,,,,,,,,,,,,,,,,,,,,,,,,,,,,,,,,,,,,,,,,,,,,,,,,,,,,,,,,"3 - They should be used, no matter if they help the borrower or not.",,Yes,18 - 24,Male,High school diploma or equivalent,North America,Student,4 - Slightly Agree,4 - Slightly Agree,3 - Neutral,3 - Neutral,4 - Slightly Agree,4 - Slightly Agree,3 - Neutral,3 - Neutral,5 - Strongly Agree,5 - Strongly Agree,4 - Slightly Agree,5 - Strongly Agree,5 - Strongly Agree,5 - Strongly Agree,5 - Strongly Agree,4 - Slightly Agree,5 - Strongly Agree,4 - Slightly Agree,4 - Slightly Agree,5 - Strongly Agree,4 - Slightly Agree,4 - Slightly Agree,4 - Slightly Agree,5 - Strongly Agree,5 - Strongly Agree,5 - Strongly Agree,4 - Slightly Agree,5 - Strongly Agree,4 - Slightly Agree,5 - Strongly Agree,5 - Strongly Agree,5 - Strongly Agree,Yes,4 - Slightly Agree,4 - Slightly Agree,4 - Slightly Agree,4 - Slightly Agree,3 - Neutral,4 - Slightly Agree,3 - Neutral,4 - Slightly Agree,5 - Strongly Agree,4 - Slightly Agree,4 - Slightly Agree,4 - Slightly Agree,4 - Slightly Agree,4 - Slightly Agree,4 - Slightly Agree,4 - Slightly Agree,5 - Strongly Agree,4 - Slightly Agree,4 - Slightly Agree,4 - Slightly Agree,4 - Slightly Agree,4 - Slightly Agree,4 - Slightly Agree,4 - Slightly Agree,4 - Slightly Agree,4 - Slightly Agree,4 - Slightly Agree,3 - Neutral,4 - Slightly Agree,4 - Slightly Agree,4 - Slightly Agree,4 - Slightly Agree,Yes,4 - Slightly Agree,5 - Strongly Agree,4 - Slightly Agree,4 - Slightly Agree,4 - Slightly Agree,4 - Slightly Agree,5 - Strongly Agree,4 - Slightly Agree,5 - Strongly Agree,4 - Slightly Agree,5 - Strongly Agree,4 - Slightly Agree,4 - Slightly Agree,4 - Slightly Agree,5 - Strongly Agree,4 - Slightly Agree,5 - Strongly Agree,5 - Strongly Agree,5 - Strongly Agree,5 - Strongly Agree,4 - Slightly Agree,5 - Strongly Agree,5 - Strongly Agree,5 - Strongly Agree,5 - Strongly Agree,4 - Slightly Agree,5 - Strongly Agree,5 - Strongly Agree,5 - Strongly Agree,5 - Strongly Agree,5 - Strongly Agree,4 - Slightly Agree,
2025-09-12 10:06:33,2025-09-12 10:07:04,IP Address,129.100.255.57,53,30,False,2025-09-19 10:07:10,R_5vkfuDnav1hiC3v,,,,,42.9979,-81.2602,qr,EN,1,,Yes,No,,,,,,,,,,,,,,,,,,,,,,,,,,,,,,,,,,,,,,,,,,,,,,,,,,,,,,,,,,,,,,,,,,,,,,,,,,,,,,,,,,,,,,,,,,,,,,,,,,,,,,,,,,,,,,,,,,,,,,,,,,,,,,,,,,,,,,,,,,,,,,,,,,,,,,,,,,,,,,,,,,,,,,,,,,,,,,,,,,,,,,,,,,,,,,,,,,,,,,,,,,,,,,
2025-09-12 10:07:28,2025-09-12 10:07:42,IP Address,129.100.255.32,3,14,False,2025-09-19 10:07:43,R_7FsV2I53mFqFdiS,,,,,42.9979,-81.2602,qr,EN,1,,Yes,,,,,,,,,,,,,,,,,,,,,,,,,,,,,,,,,,,,,,,,,,,,,,,,,,,,,,,,,,,,,,,,,,,,,,,,,,,,,,,,,,,,,,,,,,,,,,,,,,,,,,,,,,,,,,,,,,,,,,,,,,,,,,,,,,,,,,,,,,,,,,,,,,,,,,,,,,,,,,,,,,,,,,,,,,,,,,,,,,,,,,,,,,,,,,,,,,,,,,,,,,,,,,,
2025-09-12 10:06:31,2025-09-12 10:13:01,IP Address,129.100.255.84,62,390,False,2025-09-19 10:13:08,R_5PcklevV5FM5xM7,,,,,42.9979,-81.2602,qr,EN,0.8999999761581421,,Yes,No,,,,,,,,,,,,,,,,,,,,,,,,,,,,,,,,,,,,,,,,,,,,,,,,,,,,,,,,,,,,,,,,,,,,,,,,,,,,,,,,,,,,,,,,,,,,,,,,,,,,,,,,,,,,,,,,,,,,,,,,,,,,,,,,,,,,,,,,,,,,,,,,,,,,,,,,,,,,,,,,,,,,,,,,,,,,,,2 - Slightly Disagree,2 - Slightly Disagree,2 - Slightly Disagree,2 - Slightly Disagree,2 - Slightly Disagree,2 - Slightly Disagree,2 - Slightly Disagree,2 - Slightly Disagree,,,,,,,,,,,,,,,,,,,,,,,,,
2025-09-19 12:37:47,2025-09-19 12:45:10,IP Address,172.226.162.11,100,443,True,2025-09-19 12:45:11,R_7yrA7yOHZDAqXIq,,,,,43.6547,-79.3623,qr,EN,1,,Yes,No,,,,,,,,,,,,,,,,,,,,,,,,,,,,,,,,,,,,,,,,,,,,,,,,,,,,,,,,,,,,,,,,,,,,,,,,,,,,,,,,,,,,,,,,,,,,,,,,,,,,4 - I am not sure / I don't know.,Too long writing overall great concepts,No,,,,,,,,,,,,,,,,,,,,,,,,,,,,,,,,,,,,,,,,,,,,,,,,,,,,,,,,,,,,,,,,,,,,,,,,2 - Slightly Disagree,3 - Neutral,3 - Neutral,2 - Slightly Disagree,3 - Neutral,4 - Slightly Agree,3 - Neutral,3 - Neutral,4 - Slightly Agree,4 - Slightly Agree,4 - Slightly Agree,4 - Slightly Agree,4 - Slightly Agree,4 - Slightly Agree,4 - Slightly Agree,4 - Slightly Agree,4 - Slightly Agree,4 - Slightly Agree,4 - Slightly Agree,4 - Slightly Agree,4 - Slightly Agree,3 - Neutral,4 - Slightly Agree,4 - Slightly Agree,4 - Slightly Agree,4 - Slightly Agree,4 - Slightly Agree,4 - Slightly Agree,5 - Strongly Agree,4 - Slightly Agree,4 - Slightly Agree,4 - Slightly Agree,No
2025-09-19 12:37:42,2025-09-19 12:52:54,IP Address,161.184.86.165,100,911,True,2025-09-19 12:52:54,R_5NVb6h9F6Y1uEJ9,,,,,43.648,-79.4141,qr,EN,1,,Yes,Yes,,,,,,,,,,,,,,,,,,,,,,,,,,,,,,,,,,,,,,,,,,,,,,,,,,,,,,,,,,,,,,,,,,,4 - Slightly Agree,3 - Neutral,4 - Slightly Agree,2 - Slightly Disagree,3 - Neutral,4 - Slightly Agree,4 - Slightly Agree,3 - Neutral,5 - Strongly Agree,4 - Slightly Agree,4 - Slightly Agree,4 - Slightly Agree,4 - Slightly Agree,4 - Slightly Agree,5 - Strongly Agree,4 - Slightly Agree,4 - Slightly Agree,3 - Neutral,3 - Neutral,2 - Slightly Disagree,3 - Neutral,3 - Neutral,3 - Neutral,2 - Slightly Disagree,5 - Strongly Agree,4 - Slightly Agree,4 - Slightly Agree,4 - Slightly Agree,5 - Strongly Agree,4 - Slightly Agree,4 - Slightly Agree,4 - Slightly Agree,No,2 - They should be used only if they help the borrower secure a loan.,"talk about other factors that could be useful for the loan borrower for his/her specific situations. ",Yes,18 - 24,Male,High school diploma or equivalent,North America,Student,,,,,,,,,,,,,,,,,,,,,,,,,,,,,,,,,,,,,,,,,,,,,,,,,,,,,,,,,,,,,,,,,,,,,,,,,,,,,,,,,,,,,,,,,,,,,,,,,,,
2025-09-20 13:23:17,2025-09-20 13:32:10,IP Address,46.5.2.83,100,533,True,2025-09-20 13:32:11,R_2KC7ZuTbvVgg8iA,,,,,48.3991,9.9717,anonymous,EN,0.8999999761581421,,Yes,No,,,,,,,,,,,,,,,,,,,,,,,,,,,,,,,,,,,,,,,,,,,,,,,,,,,,,,,,,,,,,,,,,,,,,,,,,,,,,,,,,,,,,,,,,,,,,,,,,,,,4 - I am not sure / I don't know.,,Yes,25 - 34,Male,Bachelor's degree,Western & Northern Europe,Technology or IT,,,,,,,,,,,,,,,,,,,,,,,,,,,,,,,,,,3 - Neutral,3 - Neutral,4 - Slightly Agree,4 - Slightly Agree,3 - Neutral,4 - Slightly Agree,5 - Strongly Agree,5 - Strongly Agree,4 - Slightly Agree,4 - Slightly Agree,4 - Slightly Agree,4 - Slightly Agree,4 - Slightly Agree,3 - Neutral,5 - Strongly Agree,4 - Slightly Agree,4 - Slightly Agree,4 - Slightly Agree,4 - Slightly Agree,4 - Slightly Agree,4 - Slightly Agree,4 - Slightly Agree,5 - Strongly Agree,4 - Slightly Agree,4 - Slightly Agree,5 - Strongly Agree,5 - Strongly Agree,4 - Slightly Agree,4 - Slightly Agree,4 - Slightly Agree,5 - Strongly Agree,4 - Slightly Agree,No,,,,,,,,,,,,,,,,,,,,,,,,,,,,,,,,,
2025-09-14 11:02:52,2025-09-14 11:03:25,IP Address,24.114.103.218,53,33,False,2025-09-21 11:03:28,R_1bVL2DQMkdOqeRe,,,,,45.5725,-73.6195,anonymous,EN,1,,Yes,No,,,,,,,,,,,,,,,,,,,,,,,,,,,,,,,,,,,,,,,,,,,,,,,,,,,,,,,,,,,,,,,,,,,,,,,,,,,,,,,,,,,,,,,,,,,,,,,,,,,,,,,,,,,,,,,,,,,,,,,,,,,,,,,,,,,,,,,,,,,,,,,,,,,,,,,,,,,,,,,,,,,,,,,,,,,,,,,,,,,,,,,,,,,,,,,,,,,,,,,,,,,,,,
2025-09-21 12:51:32,2025-09-21 13:06:49,IP Address,129.100.255.61,100,916,True,2025-09-21 13:06:50,R_6CJIFi0Lbht9t9n,,,,,43.0147,-81.3049,anonymous,EN,0.8999999761581421,,Yes,No,,,,,,,,,,,,,,,,,,,,,,,,,,,,,,,,,,,,,,,,,,,,,,,,,,,,,,,,,,,,,,,,,,,,,,,,,,,,,,,,,,,,,,,,,,,,,,,,,,,,4 - I am not sure / I don't know.,,Yes,18 - 24,Female,Some college or university,North America,Student,4 - Slightly Agree,5 - Strongly Agree,5 - Strongly Agree,5 - Strongly Agree,5 - Strongly Agree,5 - Strongly Agree,5 - Strongly Agree,5 - Strongly Agree,5 - Strongly Agree,5 - Strongly Agree,5 - Strongly Agree,5 - Strongly Agree,5 - Strongly Agree,5 - Strongly Agree,5 - Strongly Agree,5 - Strongly Agree,5 - Strongly Agree,5 - Strongly Agree,4 - Slightly Agree,4 - Slightly Agree,5 - Strongly Agree,5 - Strongly Agree,5 - Strongly Agree,5 - Strongly Agree,5 - Strongly Agree,5 - Strongly Agree,4 - Slightly Agree,4 - Slightly Agree,4 - Slightly Agree,4 - Slightly Agree,4 - Slightly Agree,4 - Slightly Agree,No,5 - Strongly Agree,5 - Strongly Agree,4 - Slightly Agree,5 - Strongly Agree,5 - Strongly Agree,5 - Strongly Agree,5 - Strongly Agree,4 - Slightly Agree,5 - Strongly Agree,4 - Slightly Agree,4 - Slightly Agree,4 - Slightly Agree,4 - Slightly Agree,5 - Strongly Agree,5 - Strongly Agree,5 - Strongly Agree,5 - Strongly Agree,5 - Strongly Agree,4 - Slightly Agree,5 - Strongly Agree,4 - Slightly Agree,4 - Slightly Agree,5 - Strongly Agree,5 - Strongly Agree,4 - Slightly Agree,4 - Slightly Agree,4 - Slightly Agree,5 - Strongly Agree,4 - Slightly Agree,4 - Slightly Agree,4 - Slightly Agree,4 - Slightly Agree,Yes,,,,,,,,,,,,,,,,,,,,,,,,,,,,,,,,,
2025-09-22 10:22:11,2025-09-22 10:28:13,IP Address,129.100.255.57,100,361,True,2025-09-22 10:28:14,R_5LR2e9LkIUE1d7P,,,,,43.0147,-81.3049,qr,EN,0.8999999761581421,,Yes,No,,,,,,,,,,,,,,,,,,,,,,,,,,,,,,,,,,,,,,,,,,,,,,,,,,,,,,,,,,,,,,,,,,,,,,,,,,,,,,,,,,,,,,,,,,,,,,,,,,,,4 - I am not sure / I don't know.,,No,,,,,,,,,,,,,,,,,,,,,,,,,,,,,,,,,,,,,,,,,,,,,,,,,,,,,,,,,,,,,,,,,,,,,,,,5 - Strongly Agree,5 - Strongly Agree,Unsure/Prefer not to answer,5 - Strongly Agree,5 - Strongly Agree,5 - Strongly Agree,4 - Slightly Agree,5 - Strongly Agree,5 - Strongly Agree,4 - Slightly Agree,5 - Strongly Agree,4 - Slightly Agree,5 - Strongly Agree,5 - Strongly Agree,5 - Strongly Agree,5 - Strongly Agree,5 - Strongly Agree,4 - Slightly Agree,5 - Strongly Agree,5 - Strongly Agree,5 - Strongly Agree,5 - Strongly Agree,5 - Strongly Agree,5 - Strongly Agree,4 - Slightly Agree,3 - Neutral,4 - Slightly Agree,3 - Neutral,3 - Neutral,4 - Slightly Agree,4 - Slightly Agree,4 - Slightly Agree,No
2025-09-15 14:16:58,2025-09-15 14:26:24,IP Address,72.136.117.45,91,566,False,2025-09-22 14:26:33,R_5rJRFvXFTxoaTmH,,,,,42.9979,-81.2602,qr,EN,1,,Yes,No,,,,,,,,,,,,,,,,,,,,,,,,,,,,,,,,,,,,,,,,,,,,,,,,,,,,,,,,,,,,,,,,,,,,,,,,,,,,,,,,,,,,,,,,,,,,,,,,,,,,,,,,,,,,2 - Slightly Disagree,3 - Neutral,4 - Slightly Agree,4 - Slightly Agree,4 - Slightly Agree,3 - Neutral,4 - Slightly Agree,4 - Slightly Agree,4 - Slightly Agree,3 - Neutral,4 - Slightly Agree,3 - Neutral,3 - Neutral,4 - Slightly Agree,4 - Slightly Agree,3 - Neutral,4 - Slightly Agree,4 - Slightly Agree,3 - Neutral,4 - Slightly Agree,4 - Slightly Agree,4 - Slightly Agree,4 - Slightly Agree,4 - Slightly Agree,4 - Slightly Agree,4 - Slightly Agree,4 - Slightly Agree,4 - Slightly Agree,3 - Neutral,3 - Neutral,3 - Neutral,3 - Neutral,No,,,,,,,,,,,,,,,,,,,,,,,,,,,,,,,,,,,,,,,,,,,,,,,,,,,,,,,,,,,,,,,,,,
2025-09-15 15:01:13,2025-09-15 15:01:57,IP Address,129.100.255.81,52,43,False,2025-09-22 15:01:59,R_12PAliuFRAatgFq,,,,,42.9979,-81.2602,qr,EN,1,,Yes,No,,,,,,,,,,,,,,,,,,,,,,,,,,,,,,,,,,,,,,,,,,,,,,,,,,,,,,,,,,,,,,,,,,,,,,,,,,,,,,,,,,,,,,,,,,,,,,,,,,,,,,,,,,,,,,,,,,,,,,,,,,,,,,,,,,,,,,,,,,,,,,,,,,,,,,,,,,,,,,,,,,,,,,,,,,,,,,,,,,,,,,,,,,,,,,,,,,,,,,,,,,,,,,
2025-09-23 03:35:41,2025-09-23 04:39:40,IP Address,49.185.200.186,100,3838,True,2025-09-23 04:39:41,R_9z8dUaejwAvLQKB,,,,,-37.8159,144.9669,anonymous,EN,1,,Yes,No,,,,,,,,,,,,,,,,,,,,,,,,,,,,,,,,,,,,,,,,,,,,,,,,,,,,,,,,,,,,,,,,,,,,,,,,,,,,,,,,,,,,,,,,,,,,,,,,,,,,"3 - They should be used, no matter if they help the borrower or not.",N/a,Yes,25 - 34,Female,Master's degree,Australia / Oceania,Other,4 - Slightly Agree,4 - Slightly Agree,4 - Slightly Agree,4 - Slightly Agree,4 - Slightly Agree,3 - Neutral,4 - Slightly Agree,3 - Neutral,4 - Slightly Agree,4 - Slightly Agree,4 - Slightly Agree,3 - Neutral,4 - Slightly Agree,4 - Slightly Agree,4 - Slightly Agree,3 - Neutral,4 - Slightly Agree,4 - Slightly Agree,4 - Slightly Agree,4 - Slightly Agree,4 - Slightly Agree,4 - Slightly Agree,4 - Slightly Agree,3 - Neutral,4 - Slightly Agree,4 - Slightly Agree,4 - Slightly Agree,4 - Slightly Agree,3 - Neutral,3 - Neutral,4 - Slightly Agree,3 - Neutral,Yes,2 - Slightly Disagree,4 - Slightly Agree,3 - Neutral,3 - Neutral,4 - Slightly Agree,4 - Slightly Agree,3 - Neutral,4 - Slightly Agree,2 - Slightly Disagree,3 - Neutral,4 - Slightly Agree,4 - Slightly Agree,4 - Slightly Agree,3 - Neutral,3 - Neutral,4 - Slightly Agree,2 - Slightly Disagree,4 - Slightly Agree,3 - Neutral,4 - Slightly Agree,4 - Slightly Agree,4 - Slightly Agree,3 - Neutral,3 - Neutral,2 - Slightly Disagree,4 - Slightly Agree,4 - Slightly Agree,4 - Slightly Agree,4 - Slightly Agree,4 - Slightly Agree,3 - Neutral,3 - Neutral,Yes,4 - Slightly Agree,4 - Slightly Agree,4 - Slightly Agree,4 - Slightly Agree,4 - Slightly Agree,4 - Slightly Agree,4 - Slightly Agree,4 - Slightly Agree,4 - Slightly Agree,4 - Slightly Agree,4 - Slightly Agree,5 - Strongly Agree,4 - Slightly Agree,4 - Slightly Agree,4 - Slightly Agree,4 - Slightly Agree,4 - Slightly Agree,3 - Neutral,4 - Slightly Agree,3 - Neutral,3 - Neutral,4 - Slightly Agree,4 - Slightly Agree,4 - Slightly Agree,2 - Slightly Disagree,2 - Slightly Disagree,3 - Neutral,2 - Slightly Disagree,4 - Slightly Agree,3 - Neutral,4 - Slightly Agree,3 - Neutral,
2025-09-23 06:44:44,2025-09-23 07:08:41,IP Address,172.225.60.180,100,1436,True,2025-09-23 07:08:42,R_4KJqOoHY5DI8GJz,,,,,-37.8159,144.9669,anonymous,EN,0.8999999761581421,,Yes,No,,,,,,,,,,,,,,,,,,,,,,,,,,,,,,,,,,,,,,,,,,,,,,,,,,,,,,,,,,,,,,,,,,,,,,,,,,,,,,,,,,,,,,,,,,,,,,,,,,,,"3 - They should be used, no matter if they help the borrower or not.",,Yes,35 - 44,Male,Master's degree,Australia / Oceania,Other,2 - Slightly Disagree,4 - Slightly Agree,4 - Slightly Agree,3 - Neutral,2 - Slightly Disagree,1 - Strongly Disagree,1 - Strongly Disagree,4 - Slightly Agree,3 - Neutral,3 - Neutral,4 - Slightly Agree,2 - Slightly Disagree,3 - Neutral,4 - Slightly Agree,5 - Strongly Agree,5 - Strongly Agree,4 - Slightly Agree,4 - Slightly Agree,4 - Slightly Agree,3 - Neutral,3 - Neutral,3 - Neutral,4 - Slightly Agree,4 - Slightly Agree,4 - Slightly Agree,3 - Neutral,4 - Slightly Agree,4 - Slightly Agree,5 - Strongly Agree,4 - Slightly Agree,4 - Slightly Agree,4 - Slightly Agree,Yes,,,,,,,,,,,,,,,,,,,,,,,,,,,,,,,,,,4 - Slightly Agree,4 - Slightly Agree,5 - Strongly Agree,4 - Slightly Agree,4 - Slightly Agree,4 - Slightly Agree,4 - Slightly Agree,4 - Slightly Agree,4 - Slightly Agree,4 - Slightly Agree,4 - Slightly Agree,5 - Strongly Agree,4 - Slightly Agree,4 - Slightly Agree,4 - Slightly Agree,4 - Slightly Agree,4 - Slightly Agree,4 - Slightly Agree,4 - Slightly Agree,4 - Slightly Agree,4 - Slightly Agree,2 - Slightly Disagree,3 - Neutral,4 - Slightly Agree,4 - Slightly Agree,5 - Strongly Agree,4 - Slightly Agree,4 - Slightly Agree,3 - Neutral,3 - Neutral,3 - Neutral,4 - Slightly Agree,No
2025-09-23 12:26:20,2025-09-23 12:39:29,IP Address,129.100.255.27,100,789,True,2025-09-23 12:39:29,R_6cTEc75Pxxgjt6m,,,,,43.0147,-81.3049,qr,EN,1,,Yes,No,,,,,,,,,,,,,,,,,,,,,,,,,,,,,,,,,,,,,,,,,,,,,,,,,,,,,,,,,,,,,,,,,,,,,,,,,,,,,,,,,,,,,,,,,,,,,,,,,,,,1 - They should never be used.,,Yes,18 - 24,Female,Some college or university,North America,Student,,,,,,,,,,,,,,,,,,,,,,,,,,,,,,,,,,4 - Slightly Agree,4 - Slightly Agree,5 - Strongly Agree,5 - Strongly Agree,4 - Slightly Agree,3 - Neutral,4 - Slightly Agree,4 - Slightly Agree,4 - Slightly Agree,4 - Slightly Agree,5 - Strongly Agree,3 - Neutral,3 - Neutral,4 - Slightly Agree,4 - Slightly Agree,4 - Slightly Agree,4 - Slightly Agree,3 - Neutral,4 - Slightly Agree,3 - Neutral,4 - Slightly Agree,4 - Slightly Agree,4 - Slightly Agree,4 - Slightly Agree,4 - Slightly Agree,3 - Neutral,4 - Slightly Agree,3 - Neutral,3 - Neutral,2 - Slightly Disagree,4 - Slightly Agree,4 - Slightly Agree,,,,,,,,,,,,,,,,,,,,,,,,,,,,,,,,,,
2025-09-24 09:33:19,2025-09-24 09:40:46,IP Address,24.114.69.90,100,447,True,2025-09-24 09:40:46,R_8PMIDGRZNDZ6jlj,,,,,43.7012,-79.3877,anonymous,EN,1,,Yes,No,,,,,,,,,,,,,,,,,,,,,,,,,,,,,,,,,,,,,,,,,,,,,,,,,,,,,,,,,,,,,,,,,,,,,,,,,,,,,,,,,,,,,,,,,,,,,,,,,,,,"3 - They should be used, no matter if they help the borrower or not.",,Yes,25 - 34,Male,Master's degree,North America,Student,,,,,,,,,,,,,,,,,,,,,,,,,,,,,,,,,,,,,,,,,,,,,,,,,,,,,,,,,,,,,,,,,,,4 - Slightly Agree,5 - Strongly Agree,4 - Slightly Agree,4 - Slightly Agree,5 - Strongly Agree,5 - Strongly Agree,4 - Slightly Agree,5 - Strongly Agree,5 - Strongly Agree,5 - Strongly Agree,5 - Strongly Agree,5 - Strongly Agree,5 - Strongly Agree,5 - Strongly Agree,4 - Slightly Agree,5 - Strongly Agree,5 - Strongly Agree,5 - Strongly Agree,5 - Strongly Agree,5 - Strongly Agree,5 - Strongly Agree,5 - Strongly Agree,5 - Strongly Agree,5 - Strongly Agree,5 - Strongly Agree,5 - Strongly Agree,5 - Strongly Agree,5 - Strongly Agree,5 - Strongly Agree,4 - Slightly Agree,4 - Slightly Agree,5 - Strongly Agree,No
2025-09-17 20:06:17,2025-09-17 20:12:19,IP Address,99.243.105.238,4,362,False,2025-09-24 20:12:20,R_73dl1OCYCSdo3qN,,,,,43.0147,-81.3049,anonymous,EN,1,,Yes,Yes,,,,,,,,,,,,,,,,,,,,,,,,,,,,,,,,,,,,,,,,,,,,,,,,,,,,,,,,,,,,,,,,,,,,,,,,,,,,,,,,,,,,,,,,,,,,,,,,,,,,,,,,,,,,,,,,,,,,,,,,,,,,,,,,,,,,,,,,,,,,,,,,,,,,,,,,,,,,,,,,,,,,,,,,,,,,,,,,,,,,,,,,,,,,,,,,,,,,,,,,,,,,,,
2025-09-25 09:20:49,2025-09-25 09:38:53,IP Address,129.100.17.156,100,1084,True,2025-09-25 09:38:54,R_7gLXTrDhHOpAHF4,,,,,43.0147,-81.3049,anonymous,EN,1,,Yes,No,,,,,,,,,,,,,,,,,,,,,,,,,,,,,,,,,,,,,,,,,,,,,,,,,,,,,,,,,,,,,,,,,,,,,,,,,,,,,,,,,,,,,,,,,,,,,,,,,,,,4 - I am not sure / I don't know.,"The explanations used undefined terms like ""number of borrowers"", ""connections"", etc., which made them impossible to understand. Also the explanations were written in a very condescending way. Nobody wants a lecture. Just give the reasons plainly and clearly.",Yes,25 - 34,Male,Master's degree,North America,Student,,,,,,,,,,,,,,,,,,,,,,,,,,,,,,,,,,2 - Slightly Disagree,2 - Slightly Disagree,2 - Slightly Disagree,1 - Strongly Disagree,1 - Strongly Disagree,2 - Slightly Disagree,1 - Strongly Disagree,3 - Neutral,2 - Slightly Disagree,1 - Strongly Disagree,2 - Slightly Disagree,1 - Strongly Disagree,2 - Slightly Disagree,2 - Slightly Disagree,2 - Slightly Disagree,3 - Neutral,2 - Slightly Disagree,2 - Slightly Disagree,2 - Slightly Disagree,1 - Strongly Disagree,2 - Slightly Disagree,2 - Slightly Disagree,2 - Slightly Disagree,3 - Neutral,2 - Slightly Disagree,1 - Strongly Disagree,2 - Slightly Disagree,2 - Slightly Disagree,2 - Slightly Disagree,1 - Strongly Disagree,2 - Slightly Disagree,3 - Neutral,No,,,,,,,,,,,,,,,,,,,,,,,,,,,,,,,,,
2025-09-18 17:10:18,2025-09-18 17:13:19,IP Address,72.136.123.113,62,180,False,2025-09-25 17:13:21,R_3nCvYCpHaJcVKi5,,,,,43.7137,-79.5964,anonymous,EN,1,,Yes,No,,,,,,,,,,,,,,,,,,,,,,,,,,,,,,,,,,,,,,,,,,,,,,,,,,,,,,,,,,,,,,,,,,,,,,,,,,,,,,,,,,,,,,,,,,,,,,,,,,,,,,,,,,,,,,,,,,,,,,,,,,,,,,,,,,,,,,,,,,,,,,,,,,,,,,,,,,,,,,,,,,,,,,,,,,,,,,5 - Strongly Agree,2 - Slightly Disagree,4 - Slightly Agree,3 - Neutral,3 - Neutral,4 - Slightly Agree,2 - Slightly Disagree,2 - Slightly Disagree,,,,,,,,,,,,,,,,,,,,,,,,,
2025-09-22 13:09:59,2025-09-22 13:10:58,IP Address,142.116.147.71,53,59,False,2025-09-29 13:11:05,R_12OFn1m2BP10PV7,,,,,43.6882,-79.4539,anonymous,EN,1,,Yes,No,,,,,,,,,,,,,,,,,,,,,,,,,,,,,,,,,,,,,,,,,,,,,,,,,,,,,,,,,,,,,,,,,,,,,,,,,,,,,,,,,,,,,,,,,,,,,,,,,,,,,,,,,,,,,,,,,,,,,,,,,,,,,,,,,,,,,,,,,,,,,,,,,,,,,,,,,,,,,,,,,,,,,,,,,,,,,,,,,,,,,,,,,,,,,,,,,,,,,,,,,,,,,,
2025-09-30 09:56:30,2025-09-30 10:04:07,IP Address,129.100.255.30,100,457,True,2025-09-30 10:04:08,R_7rp23ix9PyEqtpD,,,,,43.0147,-81.3049,anonymous,EN,1,,Yes,No,,,,,,,,,,,,,,,,,,,,,,,,,,,,,,,,,,,,,,,,,,,,,,,,,,,,,,,,,,,,,,,,,,,,,,,,,,,,,,,,,,,,,,,,,,,,,,,,,,,,"3 - They should be used, no matter if they help the borrower or not.",,Yes,18 - 24,Male,High school diploma or equivalent,North America,Student,,,,,,,,,,,,,,,,,,,,,,,,,,,,,,,,,,5 - Strongly Agree,4 - Slightly Agree,5 - Strongly Agree,5 - Strongly Agree,4 - Slightly Agree,5 - Strongly Agree,4 - Slightly Agree,3 - Neutral,5 - Strongly Agree,4 - Slightly Agree,5 - Strongly Agree,5 - Strongly Agree,4 - Slightly Agree,5 - Strongly Agree,5 - Strongly Agree,3 - Neutral,5 - Strongly Agree,5 - Strongly Agree,5 - Strongly Agree,5 - Strongly Agree,4 - Slightly Agree,5 - Strongly Agree,5 - Strongly Agree,3 - Neutral,5 - Strongly Agree,5 - Strongly Agree,4 - Slightly Agree,5 - Strongly Agree,4 - Slightly Agree,5 - Strongly Agree,5 - Strongly Agree,3 - Neutral,No,,,,,,,,,,,,,,,,,,,,,,,,,,,,,,,,,
2025-09-30 10:10:14,2025-09-30 10:15:40,IP Address,174.197.64.220,100,325,True,2025-09-30 10:15:40,R_5DtB0BIfUs8XAP0,,,,,32.7797,-96.8022,qr,EN,1,,Yes,No,,,,,,,,,,,,,,,,,,,,,,,,,,,,,,,,,,,,,,,,,,,,,,,,,,,,,,,,,,,,,,,,,,,,,,,,,,,,,,,,,,,,,,,,,,,,,,,,,,,,"3 - They should be used, no matter if they help the borrower or not.",,No,,,,,,3 - Neutral,4 - Slightly Agree,4 - Slightly Agree,4 - Slightly Agree,3 - Neutral,5 - Strongly Agree,5 - Strongly Agree,4 - Slightly Agree,4 - Slightly Agree,4 - Slightly Agree,4 - Slightly Agree,4 - Slightly Agree,3 - Neutral,5 - Strongly Agree,5 - Strongly Agree,4 - Slightly Agree,4 - Slightly Agree,4 - Slightly Agree,4 - Slightly Agree,4 - Slightly Agree,3 - Neutral,5 - Strongly Agree,5 - Strongly Agree,5 - Strongly Agree,4 - Slightly Agree,4 - Slightly Agree,4 - Slightly Agree,4 - Slightly Agree,3 - Neutral,5 - Strongly Agree,5 - Strongly Agree,4 - Slightly Agree,No,,,,,,,,,,,,,,,,,,,,,,,,,,,,,,,,,,5 - Strongly Agree,4 - Slightly Agree,4 - Slightly Agree,4 - Slightly Agree,3 - Neutral,5 - Strongly Agree,4 - Slightly Agree,4 - Slightly Agree,5 - Strongly Agree,4 - Slightly Agree,4 - Slightly Agree,5 - Strongly Agree,3 - Neutral,5 - Strongly Agree,4 - Slightly Agree,4 - Slightly Agree,5 - Strongly Agree,4 - Slightly Agree,4 - Slightly Agree,4 - Slightly Agree,3 - Neutral,5 - Strongly Agree,5 - Strongly Agree,4 - Slightly Agree,5 - Strongly Agree,4 - Slightly Agree,4 - Slightly Agree,4 - Slightly Agree,3 - Neutral,4 - Slightly Agree,5 - Strongly Agree,4 - Slightly Agree,Yes
2025-09-30 10:27:37,2025-09-30 10:33:48,IP Address,129.100.255.82,100,370,True,2025-09-30 10:33:49,R_5c51Xb7pwUrFFkJ,,,,,43.0147,-81.3049,anonymous,EN,1,,Yes,No,,,,,,,,,,,,,,,,,,,,,,,,,,,,,,,,,,,,,,,,,,,,,,,,,,,,,,,,,,,,,,,,,,,,,,,,,,,,,,,,,,,,,,,,,,,,,,,,,,,,"3 - They should be used, no matter if they help the borrower or not.",,Yes,18 - 24,Female,High school diploma or equivalent,North America,Student,,,,,,,,,,,,,,,,,,,,,,,,,,,,,,,,,,4 - Slightly Agree,4 - Slightly Agree,5 - Strongly Agree,5 - Strongly Agree,4 - Slightly Agree,4 - Slightly Agree,3 - Neutral,4 - Slightly Agree,5 - Strongly Agree,4 - Slightly Agree,4 - Slightly Agree,5 - Strongly Agree,4 - Slightly Agree,5 - Strongly Agree,4 - Slightly Agree,4 - Slightly Agree,5 - Strongly Agree,5 - Strongly Agree,4 - Slightly Agree,4 - Slightly Agree,3 - Neutral,4 - Slightly Agree,4 - Slightly Agree,4 - Slightly Agree,5 - Strongly Agree,5 - Strongly Agree,4 - Slightly Agree,4 - Slightly Agree,4 - Slightly Agree,4 - Slightly Agree,4 - Slightly Agree,3 - Neutral,No,,,,,,,,,,,,,,,,,,,,,,,,,,,,,,,,,
2025-09-30 10:37:25,2025-09-30 10:44:05,IP Address,129.100.255.34,100,399,True,2025-09-30 10:44:06,R_5urANRvfAyrKvZH,,,,,43.0147,-81.3049,qr,EN,1,,Yes,No,,,,,,,,,,,,,,,,,,,,,,,,,,,,,,,,,,,,,,,,,,,,,,,,,,,,,,,,,,,,,,,,,,,,,,,,,,,,,,,,,,,,,,,,,,,,,,,,,,,,2 - They should be used only if they help the borrower secure a loan.,,Yes,18 - 24,Male,Some college or university,North America,Manufacturing,4 - Slightly Agree,4 - Slightly Agree,4 - Slightly Agree,3 - Neutral,3 - Neutral,3 - Neutral,2 - Slightly Disagree,4 - Slightly Agree,4 - Slightly Agree,5 - Strongly Agree,4 - Slightly Agree,4 - Slightly Agree,4 - Slightly Agree,4 - Slightly Agree,5 - Strongly Agree,4 - Slightly Agree,4 - Slightly Agree,4 - Slightly Agree,5 - Strongly Agree,4 - Slightly Agree,2 - Slightly Disagree,4 - Slightly Agree,2 - Slightly Disagree,4 - Slightly Agree,4 - Slightly Agree,3 - Neutral,4 - Slightly Agree,2 - Slightly Disagree,4 - Slightly Agree,3 - Neutral,4 - Slightly Agree,4 - Slightly Agree,No,,,,,,,,,,,,,,,,,,,,,,,,,,,,,,,,,,,,,,,,,,,,,,,,,,,,,,,,,,,,,,,,,,
2025-09-27 11:07:25,2025-09-27 11:08:56,IP Address,191.125.16.115,53,91,False,2025-10-01 00:46:56,R_1CfhNvSLVrtJezo,,,,,-33.4521,-70.6536,anonymous,EN,0.699999988079071,,Yes,No,,,,,,,,,,,,,,,,,,,,,,,,,,,,,,,,,,,,,,,,,,,,,,,,,,,,,,,,,,,,,,,,,,,,,,,,,,,,,,,,,,,,,,,,,,,,,,,,,,,,,,,,,,,,,,,,,,,,,,,,,,,,,,,,,,,,,,,,,,,,,,,,,,,,,,,,,,,,,,,,,,,,,,,,,,,,,,,,,,,,,,,,,,,,,,,,,,,,,,,,,,,,,,
